<?xml version="1.0" encoding="UTF-8" standalone="yes"?>
<!-- Addon basé sur le travail de FROST pour tou.tv -->
<addon id="plugin.video.vtele" name="V Télé" version="0.1.7" provider-name="Infologique.net">
  <requires>
    <import addon="xbmc.python" version="2.1.0"/>
  </requires>
  <extension point="xbmc.python.pluginsource" library="default.py">
    <provides>video</provides>
  </extension>
  <extension point="xbmc.addon.metadata">
    <platform>all</platform>
    <summary>V est un réseau de télévision canadien privé en langue française.</summary>
    <description>Contenu vidéo de la plateforme de V Télé</description>
  </extension>
</addon>
