﻿<?xml version="1.0" encoding="UTF-8" standalone="yes"?>
<addon id="plugin.video.telequebec"
       name="Télé-Québec"
       version="3.0.2"
       provider-name="CB, SlySen"
>
    <requires>
        <import addon="xbmc.python" version="2.1.0"/>
        <import addon="xbmc.json" version="6.0.0"/>
        <import addon="xbmc.addon" version="12.0.0"/>
        <import addon="script.module.simplejson" version="2.0.10"/>
    </requires>
    <extension point="xbmc.python.pluginsource" library="default.py">
        <provides>video</provides>
    </extension>
    <extension point="xbmc.addon.metadata">
        <platform>all</platform>
	    <summary>Addiciel vidéo donnant accès à la zone vidéo de TéléQuébec.TV</summary>
	    <description>Cet addiciel permet d'accèder à la zone vidéo de TéléQuébec.TV.  La plupart des vidéos ne sont accessibles qu'au Canada.</description>
    </extension>
</addon>
