<?xml version="1.0" encoding="UTF-8" standalone="yes"?>
<addon id="plugin.infologique.TVAgo" name="TVA" version="1.0.0" provider-name="anisite">
  <requires>
    <import addon="xbmc.python" version="2.1.0"/>
    <import addon="script.module.simplejson" version="2.0.10"/>
  </requires>
  <extension point="xbmc.python.pluginsource" library="default.py">
    <provides>video</provides>
  </extension>
  <extension point="xbmc.addon.metadata">
    <platform>all</platform>
    <summary>Contenu vidéo de TVA</summary>
    <description>-Regardez la télé en direct 
-Rattrapez les émissions des quelques derniers jours
-Découvrez certaines émissions des chaînes spécialisées du Groupe TVA : AddikTV, Casa, Moi&amp;cie, Prise 2 et Yoopa
-Explorez des primeurs, des exclusivités, des vidéos inédites et différentes thématiques</description>
    <news>v1.0.0  (2018-02-04) - Première version complète fonctionnelle.</news>
    <language>fr</language>
    <source>https://github.com/anisite/plugin.infologique.TVAgo</source>
  </extension>
</addon>
