<?xml version="1.0" encoding="UTF-8" standalone="yes"?>

<addon id="plugin.infologique.tou.tv" name="ICI TOU.TV" version="4.0.3" provider-name="Infologique.net">
  <requires>
    <import addon="xbmc.python" version="2.1.0"/>
    <import addon="script.module.inputstreamhelper" version="0.3.3"/>
  </requires>
  <extension point="xbmc.python.pluginsource" library="default.py">
    <provides>video</provides>
  </extension>
  <extension point="xbmc.addon.metadata">
    <platform>all</platform>
    <summary>Tou.tv est une webtélé de divertissement axée sur la vidéo sur demande.</summary>
    <description>Tou.tv est une webtélé de divertissement axée sur la vidéo sur demande. Les vidéos sont offertes gratuitement par Radio-Canada ainsi que par une vingtaine de diffuseurs et de producteurs partenaires. Tou.tv est la plus importante webtélé de divertissement.</description>
  </extension>
</addon>
