﻿<?xml version="1.0" encoding="UTF-8" standalone="yes"?>
<addon id="plugin.video.vtele" name="Noovo" version="3.0.3" provider-name="Infologique.net">
  <requires>
    <import addon="script.module.simplejson" version="2.0.10"/>
    <import addon="script.module.inputstreamhelper" version="0.5.2"/>
    <import addon="script.common.plugin.cache" version="2.5.5"/>
  </requires>
  <extension point="xbmc.python.pluginsource" library="default.py">
    <provides>video</provides>
  </extension>
  <extension point="xbmc.addon.metadata">
    <platform>all</platform>
    <summary>Noovo est la marque média généraliste qui fait les choses différemment! Elle offre une programmation rassembleuse et divertissante.</summary>
    <description>Contenu vidéo de la plateforme Noovo</description>
    <assets>
        <icon>resources/icon.png</icon>
        <fanart>resources/fanart.jpg</fanart>
    </assets>
  </extension>
</addon>
