<window id="3000">
	<defaultcontrol always="true">50</defaultcontrol>
	<allowoverlay>no</allowoverlay>

	<controls>
		<control type="multiimage">
			<posx>0</posx>
			<posy>0</posy>
			<width>1280</width>
			<height>720</height>
			<imagepath fallback="special://home/addons/plugin.infologique.tou.tv/fanart.jpg" background="true">$INFO[ListItem.Property(fanart_image)]</imagepath>
			<timeperimage>10000</timeperimage>
			<randomize>true</randomize>
			<fadetime>FanartCrossfadeTime</fadetime>
		</control>
		<control type="image">
			<posx>0</posx>
			<posy>100r</posy>
			<width>1280</width>
			<height>100</height>
			<texture>toutv-floor.png</texture>
			<animation effect="slide" start="0,10" end="0,0" time="200" condition="Window.Previous(Home)">WindowOpen</animation>
			<animation effect="slide" start="0,0" end="0,10" time="200" condition="Window.Next(Home)">WindowClose</animation>
		</control>

		<control type="group">
			<animation effect="fade" time="250">WindowOpen</animation>
			<animation effect="fade" time="250">WindowClose</animation>

			<!-- Compass List view id = 50 -->
			<control type="group">
				<description>Compass</description>
				<visible>!stringcompare(Container.NumItems,)</visible>
				<animation effect="fade" time="300">Visible</animation>
				<animation effect="fade" time="300">Hidden</animation>
				<posy>0</posy>

				<control type="wraplist" id="50">
					<posx>100</posx>
					<posy>-45</posy>
					<width>1080</width>
					<height>640</height>
					<onleft>50</onleft>
					<onright>50</onright>
					<onup>9000</onup>
					<ondown>9000</ondown>
					<scrolltime>200</scrolltime>
					<viewtype label="Carrousel">wraplist</viewtype>
					<pagecontrol>-</pagecontrol>
					<focusposition>0</focusposition>
					<orientation>horizontal</orientation>
					<itemlayout height="640" width="1080" />
					<focusedlayout height="640" width="1080" />
					<hitrect x="460" y="200" w="360" h="380" />
					<animation effect="rotatex" center="640,0" start="0" end="45" time="0" condition="true">Conditional</animation>
				</control>

				<control type="image">
					<description>compass shadow</description>
					<posx>-50</posx>
					<posy>-95</posy>
					<width>1300</width>
					<height>740</height>
					<texture>compass-shadow.png</texture>
					<animation effect="zoom" center="auto" start="10" end="125" time="1000">WindowOpen</animation>
					<animation effect="fade" start="100" end="0" time="250">WindowClose</animation>
					<animation effect="rotatex" center="640,0" start="0" end="45" time="0" condition="true">Conditional</animation>
				</control>

				<!-- CLOCKWISE::DANS LE SENS DES AIGUILLES -->
				<control type="group" id="3011">
					<visible>Container.OnNext</visible>
					<camera x="640" y="0" />
					<animation effect="fade" start="100" end="100" time="500">Hidden</animation>

					<control type="group">
						<description>N (0-360) slide to NNE (10)</description>
						<posx>610</posx>
						<posy>180</posy>
						<visible>Container.OnNext</visible>
						<animation effect="slide" end="64,-10" time="500" reversible="false">Hidden</animation>
						<control type="group">
							<visible>Container.OnNext</visible>
							<animation effect="fade" end="100" time="500" reversible="false">Hidden</animation>
							<control type="group">
								<visible>Container.OnNext</visible>
								<animation effect="zoom" center="30,30" start="100" end="133" time="500" reversible="false">Hidden</animation>
								<control type="group">
									<visible>Container.OnNext | Skin.HasSetting(toutv_HideRotateCompass)</visible>
									<animation effect="rotatey" center="30,0" start="0" end="-75" time="500" reversible="false" condition="!Skin.HasSetting(toutv_HideRotateCompass)">Hidden</animation>
									<control type="image">
										<posx>0</posx>
										<posy>0</posy>
										<width>60</width>
										<height>60</height>
										<texture>$INFO[ListItem(9).Thumb]</texture>
										<aspectratio align="center" aligny="bottom">keep</aspectratio>
										<animation effect="fade" start="75" end="75" time="0" condition="true">Conditional</animation>
									</control>
									<control type="image">
										<posx>0</posx>
										<posy>60</posy>
										<width>60</width>
										<height>60</height>
										<texture flipy="true" diffuse="toutv-diffuse_mirror2.png">$INFO[ListItem(9).Thumb]</texture>
										<aspectratio align="center" aligny="top">keep</aspectratio>
										<animation effect="fade" start="75" end="75" time="0" condition="true">Conditional</animation>
									</control>
								</control>
							</control>
						</control>
					</control>

					<control type="group">
						<description>NNE (10) slide to NNE (20)</description>
						<posx>664</posx>
						<posy>160</posy>
						<visible>Container.OnNext</visible>
						<animation effect="slide" end="62,-5" time="500" reversible="false">Hidden</animation>
						<control type="group">
							<visible>Container.OnNext</visible>
							<animation effect="zoom" center="40,40" start="100" end="125" time="500" reversible="false">Hidden</animation>
							<control type="group">
								<visible>Container.OnNext | Skin.HasSetting(toutv_HideRotateCompass)</visible>
								<animation effect="rotatey" center="40,0" start="0" end="10" time="500" reversible="false" condition="!Skin.HasSetting(toutv_HideRotateCompass)">Hidden</animation>
								<control type="image">
									<posx>0</posx>
									<posy>0</posy>
									<width>80</width>
									<height>80</height>
									<texture>$INFO[ListItem(8).Thumb]</texture>
									<aspectratio align="center" aligny="bottom">keep</aspectratio>
									<animation effect="rotatey" center="40,0" start="0" end="-75" time="0" condition="!Skin.HasSetting(toutv_HideRotateCompass)">Conditional</animation>
								</control>
								<control type="image">
									<posx>0</posx>
									<posy>80</posy>
									<width>80</width>
									<height>80</height>
									<texture flipy="true" diffuse="toutv-diffuse_mirror2.png">$INFO[ListItem(8).Thumb]</texture>
									<aspectratio align="center" aligny="top">keep</aspectratio>
									<animation effect="rotatey" center="40,0" start="0" end="-75" time="0" condition="!Skin.HasSetting(toutv_HideRotateCompass)">Conditional</animation>
								</control>
							</control>
						</control>
					</control>

					<control type="group">
						<description>NNW (10-350) slide to N (0-360)</description>
						<posx>536</posx>
						<posy>160</posy>
						<visible>Container.OnNext</visible>
						<animation effect="slide" end="64,10" time="500" reversible="false">Hidden</animation>
						<control type="group">
							<visible>Container.OnNext</visible>
							<animation effect="fade" end="75" time="500" reversible="false">Hidden</animation>
							<control type="group">
								<visible>Container.OnNext</visible>
								<animation effect="zoom" center="40,40" start="100" end="75" time="500" reversible="false">Hidden</animation>
								<control type="group">
									<visible>Container.OnNext | Skin.HasSetting(toutv_HideRotateCompass)</visible>
									<animation effect="rotatey" center="40,0" start="0" end="-75" time="500" reversible="false" condition="!Skin.HasSetting(toutv_HideRotateCompass)">Hidden</animation>
									<control type="image">
										<posx>0</posx>
										<posy>0</posy>
										<width>80</width>
										<height>80</height>
										<texture>$INFO[ListItem(-10).Thumb]</texture>
										<aspectratio align="center" aligny="bottom">keep</aspectratio>
										<animation effect="rotatey" center="40,0" start="0" end="75" time="0" condition="!Skin.HasSetting(toutv_HideRotateCompass)">Conditional</animation>
									</control>
									<control type="image">
										<posx>0</posx>
										<posy>80</posy>
										<width>80</width>
										<height>80</height>
										<texture flipy="true" diffuse="toutv-diffuse_mirror2.png">$INFO[ListItem(-10).Thumb]</texture>
										<aspectratio align="center" aligny="top">keep</aspectratio>
										<animation effect="rotatey" center="40,0" start="0" end="75" time="0" condition="!Skin.HasSetting(toutv_HideRotateCompass)">Conditional</animation>
									</control>
								</control>
							</control>
						</control>
					</control>

					<control type="group">
						<description>NNE (20) slide to NNE (30)</description>
						<posx>716</posx>
						<posy>145</posy>
						<visible>Container.OnNext</visible>
						<animation effect="slide" end="59,-1" time="500" reversible="false">Hidden</animation>
						<control type="group">
							<visible>Container.OnNext</visible>
							<animation effect="zoom" center="50,50" start="100" end="120" time="500" reversible="false">Hidden</animation>
							<control type="group">
								<visible>Container.OnNext | Skin.HasSetting(toutv_HideRotateCompass)</visible>
								<animation effect="rotatey" center="50,0" start="0" end="10" time="500" reversible="false" condition="!Skin.HasSetting(toutv_HideRotateCompass)">Hidden</animation>
								<control type="image">
									<posx>0</posx>
									<posy>0</posy>
									<width>100</width>
									<height>100</height>
									<texture>$INFO[ListItem(7).Thumb]</texture>
									<aspectratio align="center" aligny="bottom">keep</aspectratio>
									<animation effect="rotatey" center="50,0" start="0" end="-65" time="0" condition="!Skin.HasSetting(toutv_HideRotateCompass)">Conditional</animation>
								</control>
								<control type="image">
									<posx>0</posx>
									<posy>100</posy>
									<width>100</width>
									<height>100</height>
									<texture flipy="true" diffuse="toutv-diffuse_mirror2.png">$INFO[ListItem(7).Thumb]</texture>
									<aspectratio align="center" aligny="top">keep</aspectratio>
									<animation effect="rotatey" center="50,0" start="0" end="-65" time="0" condition="!Skin.HasSetting(toutv_HideRotateCompass)">Conditional</animation>
								</control>
							</control>
						</control>
					</control>

					<control type="group">
						<description>NNW (20-340) slide to NNW (10-350)</description>
						<posx>464</posx>
						<posy>145</posy>
						<visible>Container.OnNext</visible>
						<animation effect="slide" end="62,5" time="500" reversible="false">Hidden</animation>
						<control type="group">
							<visible>Container.OnNext</visible>
							<animation effect="zoom" center="50,50" start="100" end="80" time="500" reversible="false">Hidden</animation>
							<control type="group">
								<visible>Container.OnNext | Skin.HasSetting(toutv_HideRotateCompass)</visible>
								<animation effect="rotatey" center="50,0" start="0" end="10" time="500" reversible="false" condition="!Skin.HasSetting(toutv_HideRotateCompass)">Hidden</animation>
								<control type="image">
									<posx>0</posx>
									<posy>0</posy>
									<width>100</width>
									<height>100</height>
									<texture>$INFO[ListItem(-9).Thumb]</texture>
									<aspectratio align="center" aligny="bottom">keep</aspectratio>
									<animation effect="rotatey" center="50,0" start="0" end="65" time="0" condition="!Skin.HasSetting(toutv_HideRotateCompass)">Conditional</animation>
								</control>
								<control type="image">
									<posx>0</posx>
									<posy>100</posy>
									<width>100</width>
									<height>100</height>
									<texture flipy="true" diffuse="toutv-diffuse_mirror2.png">$INFO[ListItem(-9).Thumb]</texture>
									<aspectratio align="center" aligny="top">keep</aspectratio>
									<animation effect="rotatey" center="50,0" start="0" end="65" time="0" condition="!Skin.HasSetting(toutv_HideRotateCompass)">Conditional</animation>
								</control>
							</control>
						</control>
					</control>

					<control type="group">
						<description>NNE (30) slide to NE (45)</description>
						<posx>765</posx>
						<posy>134</posy>
						<visible>Container.OnNext</visible>
						<animation effect="slide" end="83,6" time="500" reversible="false">Hidden</animation>
						<control type="group">
							<visible>Container.OnNext</visible>
							<animation effect="zoom" center="60,60" start="100" end="120" time="500" reversible="false">Hidden</animation>
							<control type="group">
								<visible>Container.OnNext | Skin.HasSetting(toutv_HideRotateCompass)</visible>
								<animation effect="rotatey" center="60,0" start="0" end="10" time="500" reversible="false" condition="!Skin.HasSetting(toutv_HideRotateCompass)">Hidden</animation>
								<control type="image">
									<posx>0</posx>
									<posy>0</posy>
									<width>120</width>
									<height>120</height>
									<texture>$INFO[ListItem(6).Thumb]</texture>
									<aspectratio align="center" aligny="bottom">keep</aspectratio>
									<animation effect="rotatey" center="60,0" start="0" end="-55" time="0" condition="!Skin.HasSetting(toutv_HideRotateCompass)">Conditional</animation>
								</control>
								<control type="image">
									<posx>0</posx>
									<posy>120</posy>
									<width>120</width>
									<height>120</height>
									<texture flipy="true" diffuse="toutv-diffuse_mirror2.png">$INFO[ListItem(6).Thumb]</texture>
									<aspectratio align="center" aligny="top">keep</aspectratio>
									<animation effect="rotatey" center="60,0" start="0" end="-55" time="0" condition="!Skin.HasSetting(toutv_HideRotateCompass)">Conditional</animation>
								</control>
							</control>
						</control>
					</control>

					<control type="group">
						<description>NNW (30-330) slide to NNW (20-340)</description>
						<posx>394</posx>
						<posy>134</posy>
						<visible>Container.OnNext</visible>
						<animation effect="slide" end="60,1" time="500" reversible="false">Hidden</animation>
						<control type="group">
							<visible>Container.OnNext</visible>
							<animation effect="zoom" center="60,60" start="100" end="84" time="500" reversible="false">Hidden</animation>
							<control type="group">
								<visible>Container.OnNext | Skin.HasSetting(toutv_HideRotateCompass)</visible>
								<animation effect="rotatey" center="60,0" start="0" end="10" time="500" reversible="false" condition="!Skin.HasSetting(toutv_HideRotateCompass)">Hidden</animation>
								<control type="image">
									<posx>0</posx>
									<posy>0</posy>
									<width>120</width>
									<height>120</height>
									<texture>$INFO[ListItem(-8).Thumb]</texture>
									<aspectratio align="center" aligny="bottom">keep</aspectratio>
									<animation effect="rotatey" center="60,0" start="0" end="55" time="0" condition="!Skin.HasSetting(toutv_HideRotateCompass)">Conditional</animation>
								</control>
								<control type="image">
									<posx>0</posx>
									<posy>120</posy>
									<width>120</width>
									<height>120</height>
									<texture flipy="true" diffuse="toutv-diffuse_mirror2.png">$INFO[ListItem(-8).Thumb]</texture>
									<aspectratio align="center" aligny="top">keep</aspectratio>
									<animation effect="rotatey" center="60,0" start="0" end="55" time="0" condition="!Skin.HasSetting(toutv_HideRotateCompass)">Conditional</animation>
								</control>
							</control>
						</control>
					</control>

					<control type="group">
						<description>NE (45) slide to ENE (60)</description>
						<posx>836</posx>
						<posy>128</posy>
						<visible>Container.OnNext</visible>
						<animation effect="slide" end="74,20" time="500" reversible="false">Hidden</animation>
						<control type="group">
							<visible>Container.OnNext</visible>
							<animation effect="zoom" center="72,72" start="100" end="112" time="500" reversible="false">Hidden</animation>
							<control type="group">
								<visible>Container.OnNext | Skin.HasSetting(toutv_HideRotateCompass)</visible>
								<animation effect="rotatey" center="72,0" start="0" end="15" time="500" reversible="false" condition="!Skin.HasSetting(toutv_HideRotateCompass)">Hidden</animation>
								<control type="image">
									<posx>0</posx>
									<posy>0</posy>
									<width>144</width>
									<height>144</height>
									<texture>$INFO[ListItem(5).Thumb]</texture>
									<aspectratio align="center" aligny="bottom">keep</aspectratio>
									<animation effect="rotatey" center="72,0" start="0" end="-45" time="0" condition="!Skin.HasSetting(toutv_HideRotateCompass)">Conditional</animation>
								</control>
								<control type="image">
									<posx>0</posx>
									<posy>144</posy>
									<width>144</width>
									<height>144</height>
									<texture flipy="true" diffuse="toutv-diffuse_mirror2.png">$INFO[ListItem(5).Thumb]</texture>
									<aspectratio align="center" aligny="top">keep</aspectratio>
									<animation effect="rotatey" center="72,0" start="0" end="-45" time="0" condition="!Skin.HasSetting(toutv_HideRotateCompass)">Conditional</animation>
								</control>
							</control>
						</control>
					</control>

					<control type="group">
						<description>NW (45-315) slide to NNW (30-330)</description>
						<posx>300</posx>
						<posy>128</posy>
						<visible>Container.OnNext</visible>
						<animation effect="slide" end="82,-6" time="500" reversible="false">Hidden</animation>
						<control type="group">
							<visible>Container.OnNext</visible>
							<animation effect="zoom" center="72,72" start="100" end="84" time="500" reversible="false">Hidden</animation>
							<control type="group">
								<visible>Container.OnNext | Skin.HasSetting(toutv_HideRotateCompass)</visible>
								<animation effect="rotatey" center="72,0" start="0" end="10" time="500" reversible="false" condition="!Skin.HasSetting(toutv_HideRotateCompass)">Hidden</animation>
								<control type="image">
									<posx>0</posx>
									<posy>0</posy>
									<width>144</width>
									<height>144</height>
									<texture>$INFO[ListItem(-7).Thumb]</texture>
									<aspectratio align="center" aligny="bottom">keep</aspectratio>
									<animation effect="rotatey" center="72,0" start="0" end="45" time="0" condition="!Skin.HasSetting(toutv_HideRotateCompass)">Conditional</animation>
								</control>
								<control type="image">
									<posx>0</posx>
									<posy>144</posy>
									<width>144</width>
									<height>144</height>
									<texture flipy="true" diffuse="toutv-diffuse_mirror2.png">$INFO[ListItem(-7).Thumb]</texture>
									<aspectratio align="center" aligny="top">keep</aspectratio>
									<animation effect="rotatey" center="72,0" start="0" end="45" time="0" condition="!Skin.HasSetting(toutv_HideRotateCompass)">Conditional</animation>
								</control>
							</control>
						</control>
					</control>

					<control type="group">
						<description>ENE (60) slide to E (90)</description>
						<posx>902</posx>
						<posy>140</posy>
						<visible>Container.OnNext</visible>
						<animation effect="slide" end="98,55" time="500" reversible="false">Hidden</animation>
						<control type="group">
							<visible>Container.OnNext</visible>
							<animation effect="zoom" center="80,80" start="100" end="125" time="500" reversible="false">Hidden</animation>
							<control type="group">
								<visible>Container.OnNext | Skin.HasSetting(toutv_HideRotateCompass)</visible>
								<animation effect="rotatey" center="80,0" start="0" end="30" time="500" reversible="false" condition="!Skin.HasSetting(toutv_HideRotateCompass)">Hidden</animation>
								<control type="image">
									<posx>0</posx>
									<posy>0</posy>
									<width>160</width>
									<height>160</height>
									<texture>$INFO[ListItem(4).Thumb]</texture>
									<aspectratio align="center" aligny="bottom">keep</aspectratio>
									<animation effect="rotatey" center="80,0" start="0" end="-30" time="0" condition="!Skin.HasSetting(toutv_HideRotateCompass)">Conditional</animation>
								</control>
								<control type="image">
									<posx>0</posx>
									<posy>160</posy>
									<width>160</width>
									<height>160</height>
									<texture flipy="true" diffuse="toutv-diffuse_mirror2.png">$INFO[ListItem(4).Thumb]</texture>
									<aspectratio align="center" aligny="top">keep</aspectratio>
									<animation effect="rotatey" center="80,0" start="0" end="-30" time="0" condition="!Skin.HasSetting(toutv_HideRotateCompass)">Conditional</animation>
								</control>
							</control>
						</control>
					</control>

					<control type="group">
						<description>WNW (60-300) slide to NW (45-315)</description>
						<posx>218</posx>
						<posy>140</posy>
						<visible>Container.OnNext</visible>
						<animation effect="slide" end="74,-20" time="500" reversible="false">Hidden</animation>
						<control type="group">
							<visible>Container.OnNext</visible>
							<animation effect="zoom" center="80,80" start="100" end="90" time="500" reversible="false">Hidden</animation>
							<control type="group">
								<visible>Container.OnNext | Skin.HasSetting(toutv_HideRotateCompass)</visible>
								<animation effect="rotatey" center="80,0" start="0" end="15" time="500" reversible="false">Hidden</animation>
								<control type="image">
									<posx>0</posx>
									<posy>0</posy>
									<width>160</width>
									<height>160</height>
									<texture>$INFO[ListItem(-6).Thumb]</texture>
									<aspectratio align="center" aligny="bottom">keep</aspectratio>
									<animation effect="rotatey" center="80,0" start="0" end="30" time="0" condition="!Skin.HasSetting(toutv_HideRotateCompass)">Conditional</animation>
								</control>
								<control type="image">
									<posx>0</posx>
									<posy>160</posy>
									<width>160</width>
									<height>160</height>
									<texture flipy="true" diffuse="toutv-diffuse_mirror2.png">$INFO[ListItem(-6).Thumb]</texture>
									<aspectratio align="center" aligny="top">keep</aspectratio>
									<animation effect="rotatey" center="80,0" start="0" end="30" time="0" condition="!Skin.HasSetting(toutv_HideRotateCompass)">Conditional</animation>
								</control>
							</control>
						</control>
					</control>

					<control type="group">
						<description>E (90) slide to ESE (60-120)</description>
						<posx>980</posx>
						<posy>175</posy>
						<visible>Container.OnNext</visible>
						<animation effect="slide" end="-8,74" time="500" reversible="false">Hidden</animation>
						<control type="group">
							<visible>Container.OnNext</visible>
							<animation effect="zoom" center="100,100" start="100" end="121" time="500" reversible="false">Hidden</animation>
							<control type="image">
								<posx>0</posx>
								<posy>0</posy>
								<width>200</width>
								<height>200</height>
								<texture>$INFO[ListItem(3).Thumb]</texture>
								<aspectratio align="center" aligny="bottom">keep</aspectratio>
							</control>
							<control type="image">
								<posx>0</posx>
								<posy>200</posy>
								<width>200</width>
								<height>200</height>
								<texture flipy="true" diffuse="toutv-diffuse_mirror2.png">$INFO[ListItem(3).Thumb]</texture>
								<aspectratio align="center" aligny="top">keep</aspectratio>
							</control>
						</control>
					</control>

					<control type="group">
						<description>W (90-270) slide to WNW (60-300)</description>
						<posx>100</posx>
						<posy>175</posy>
						<visible>Container.OnNext</visible>
						<animation effect="slide" end="98,-55" time="500" reversible="false">Hidden</animation>
						<control type="group">
							<visible>Container.OnNext</visible>
							<animation effect="zoom" center="100,100" start="100" end="80" time="500" reversible="false">Hidden</animation>
							<control type="group">
								<visible>Container.OnNext | Skin.HasSetting(toutv_HideRotateCompass)</visible>
								<animation effect="rotatey" center="100,0" start="0" end="30" time="500" reversible="false" condition="!Skin.HasSetting(toutv_HideRotateCompass)">Hidden</animation>
								<control type="image">
									<posx>0</posx>
									<posy>0</posy>
									<width>200</width>
									<height>200</height>
									<texture>$INFO[ListItem(-5).Thumb]</texture>
									<aspectratio align="center" aligny="bottom">keep</aspectratio>
								</control>
								<control type="image">
									<posx>0</posx>
									<posy>200</posy>
									<width>200</width>
									<height>200</height>
									<texture flipy="true" diffuse="toutv-diffuse_mirror2.png">$INFO[ListItem(-5).Thumb]</texture>
									<aspectratio align="center" aligny="top">keep</aspectratio>
								</control>
							</control>
						</control>
					</control>

					<control type="group">
						<description>ESE (60-120) slide to SE (40-140)</description>
						<posx>951</posx>
						<posy>228</posy>
						<visible>Container.OnNext</visible>
						<animation effect="slide" end="-85,45" time="500" reversible="false">Hidden</animation>
						<control type="group">
							<visible>Container.OnNext</visible>
							<animation effect="zoom" center="121,121" start="100" end="114" time="500" reversible="false">Hidden</animation>
							<control type="image">
								<posx>0</posx>
								<posy>0</posy>
								<width>242</width>
								<height>242</height>
								<texture>$INFO[ListItem(2).Thumb]</texture>
								<aspectratio align="center" aligny="bottom">keep</aspectratio>
							</control>
							<control type="image">
								<posx>0</posx>
								<posy>242</posy>
								<width>242</width>
								<height>242</height>
								<texture flipy="true" diffuse="toutv-diffuse_mirror2.png">$INFO[ListItem(2).Thumb]</texture>
								<aspectratio align="center" aligny="top">keep</aspectratio>
							</control>
						</control>
					</control>

					<control type="group">
						<description>WSW (60-240) slide to W (90-270)</description>
						<posx>87</posx>
						<posy>228</posy>
						<visible>Container.OnNext</visible>
						<animation effect="slide" end="-8,-74" time="500" reversible="false">Hidden</animation>
						<control type="group">
							<visible>Container.OnNext</visible>
							<animation effect="zoom" center="121,121" start="100" end="83" time="500" reversible="false">Hidden</animation>
							<control type="image">
								<posx>0</posx>
								<posy>0</posy>
								<width>242</width>
								<height>242</height>
								<texture>$INFO[ListItem(-4).Thumb]</texture>
								<aspectratio align="center" aligny="bottom">keep</aspectratio>
							</control>
							<control type="image">
								<posx>0</posx>
								<posy>242</posy>
								<width>242</width>
								<height>242</height>
								<texture flipy="true" diffuse="toutv-diffuse_mirror2.png">$INFO[ListItem(-4).Thumb]</texture>
								<aspectratio align="center" aligny="top">keep</aspectratio>
							</control>
						</control>
					</control>

					<control type="group">
						<description>SE (40-140) slide to SSE (25-155)</description>
						<posx>849</posx>
						<posy>256</posy>
						<visible>Container.OnNext</visible>
						<animation effect="slide" end="-106,20" time="500" reversible="false">Hidden</animation>
						<control type="group">
							<visible>Container.OnNext</visible>
							<animation effect="zoom" center="138,138" start="100" end="108" time="500" reversible="false">Hidden</animation>
							<control type="image">
								<posx>0</posx>
								<posy>0</posy>
								<width>275</width>
								<height>275</height>
								<texture>$INFO[ListItem(1).Thumb]</texture>
								<aspectratio align="center" aligny="bottom">keep</aspectratio>
							</control>
							<control type="image">
								<posx>0</posx>
								<posy>275</posy>
								<width>275</width>
								<height>275</height>
								<texture flipy="true" diffuse="toutv-diffuse_mirror2.png">$INFO[ListItem(1).Thumb]</texture>
								<aspectratio align="center" aligny="top">keep</aspectratio>
							</control>
						</control>
					</control>

					<control type="group">
						<description>SW (40-220) slide to WSW (60-240)</description>
						<posx>156</posx>
						<posy>256</posy>
						<visible>Container.OnNext</visible>
						<animation effect="slide" end="-86,-43" time="500" reversible="false">Hidden</animation>
						<control type="group">
							<visible>Container.OnNext</visible>
							<animation effect="zoom" center="138,138" start="100" end="89" time="500" reversible="false">Hidden</animation>
							<control type="image">
								<posx>0</posx>
								<posy>0</posy>
								<width>275</width>
								<height>275</height>
								<texture>$INFO[ListItem(-3).Thumb]</texture>
								<aspectratio align="center" aligny="bottom">keep</aspectratio>
							</control>
							<control type="image">
								<posx>0</posx>
								<posy>275</posy>
								<width>275</width>
								<height>275</height>
								<texture flipy="true" diffuse="toutv-diffuse_mirror2.png">$INFO[ListItem(-3).Thumb]</texture>
								<aspectratio align="center" aligny="top">keep</aspectratio>
							</control>
						</control>
					</control>

					<control type="group">
						<description>SSW (25-205) slide to SW (40-220)</description>
						<posx>247</posx>
						<posy>261</posy>
						<visible>Container.OnNext</visible>
						<animation effect="slide" end="-108,-20" time="500" reversible="false">Hidden</animation>
						<control type="group">
							<visible>Container.OnNext</visible>
							<animation effect="zoom" center="153,153" start="100" end="91" time="500" reversible="false">Hidden</animation>
							<control type="image">
								<posx>0</posx>
								<posy>0</posy>
								<width>306</width>
								<height>306</height>
								<texture>$INFO[ListItem(-2).Thumb]</texture>
								<aspectratio align="center" aligny="bottom">keep</aspectratio>
								<bordersize>4</bordersize>
							</control>
							<control type="image">
								<posx>0</posx>
								<posy>306</posy>
								<width>306</width>
								<height>306</height>
								<texture flipy="true" diffuse="toutv-diffuse_mirror2.png">$INFO[ListItem(-2).Thumb]</texture>
								<aspectratio align="center" aligny="top">keep</aspectratio>
								<bordersize>4</bordersize>
							</control>
						</control>
					</control>

					<control type="group">
						<description>S (0-180) slide to SSW (25-205)</description>
						<posx>460</posx>
						<posy>244</posy>
						<visible>Container.OnNext</visible>
						<animation effect="slide" end="-240,-10" time="500" reversible="false">Hidden</animation>
						<control type="group">
							<visible>Container.OnNext</visible>
							<animation effect="zoom" center="180,180" start="100" end="77" time="500" reversible="false">Hidden</animation>
							<control type="image">
								<posx>0</posx>
								<posy>0</posy>
								<width>360</width>
								<height>360</height>
								<aspectratio align="center" aligny="bottom">keep</aspectratio>
								<texture>$INFO[ListItem(-1).Thumb]</texture>
								<bordersize>4</bordersize>
								<animation effect="zoom" center="auto" start="110" end="110" time="0" condition="true">conditional</animation>
							</control>
							<control type="image">
								<posx>0</posx>
								<posy>360</posy>
								<width>360</width>
								<height>360</height>
								<aspectratio align="center" aligny="top">keep</aspectratio>
								<texture flipy="true" diffuse="toutv-diffuse_mirror2.png">$INFO[ListItem(-1).Thumb]</texture>
								<bordersize>4</bordersize>
								<animation condition="true" type="Conditional">
									<effect type="zoom" center="auto" start="110" end="110" time="0" />
									<effect type="slide" start="0,40" end="0,0" time="0" />
								</animation>
							</control>
						</control>
					</control>

					<control type="group">
						<description>SSE (25-155) slide to S (0-180)</description>
						<posx>727</posx>
						<posy>261</posy>
						<visible>Container.OnNext</visible>
						<animation effect="slide" end="-241,11" time="500" reversible="false">Hidden</animation>
						<control type="group">
							<visible>Container.OnNext</visible>
							<animation effect="zoom" center="153,153" start="100" end="129" time="500" reversible="false">Hidden</animation>
							<control type="image">
								<posx>0</posx>
								<posy>0</posy>
								<width>306</width>
								<height>306</height>
								<texture>$INFO[ListItem(0).Thumb]</texture>
								<aspectratio align="center" aligny="bottom">keep</aspectratio>
								<bordertexture border="4">toutv-folder-focus.png</bordertexture>
								<bordersize>4</bordersize>
							</control>
							<control type="image">
								<posx>0</posx>
								<posy>306</posy>
								<width>306</width>
								<height>306</height>
								<texture flipy="true" diffuse="toutv-diffuse_mirror2.png">$INFO[ListItem(0).Thumb]</texture>
								<aspectratio align="center" aligny="top">keep</aspectratio>
								<bordertexture border="4" flipy="true" diffuse="toutv-diffuse_mirror2.png">toutv-folder-focus.png</bordertexture>
								<bordersize>4</bordersize>
							</control>
						</control>
					</control>

				</control>
				<!-- END::CLOCKWISE::DANS LE SENS DES AIGUILLES -->

				<!-- COUNTER CLOCKWISE::EN SENS INVERSE DES AIGUILLES D'UNE MONTRE -->
				<control type="group" id="3012">
					<visible>Container.OnPrevious</visible>
					<camera x="640" y="0" />
					<animation effect="fade" start="100" end="100" time="500">Hidden</animation>

					<control type="group">
						<description>N (0-360) slide to NNW (10-350)</description>
						<posx>610</posx>
						<posy>180</posy>
						<visible>Container.OnPrevious</visible>
						<animation effect="slide" end="-64,-10" time="500" reversible="false">Hidden</animation>
						<control type="group">
							<visible>Container.OnPrevious</visible>
							<animation effect="fade" end="100" time="500" reversible="false">Hidden</animation>
							<control type="group">
								<visible>Container.OnPrevious</visible>
								<animation effect="zoom" center="30,30" start="100" end="133" time="500" reversible="false">Hidden</animation>
								<control type="group">
									<visible>Container.OnPrevious | Skin.HasSetting(toutv_HideRotateCompass)</visible>
									<animation effect="rotatey" center="30,0" start="0" end="75" time="500" reversible="false" condition="!Skin.HasSetting(toutv_HideRotateCompass)">Hidden</animation>
									<control type="image">
										<posx>0</posx>
										<posy>0</posy>
										<width>60</width>
										<height>60</height>
										<texture>$INFO[ListItem(-9).Thumb]</texture>
										<aspectratio align="center" aligny="bottom">keep</aspectratio>
										<animation effect="fade" start="75" end="75" time="0" condition="true">Conditional</animation>
									</control>
									<control type="image">
										<posx>0</posx>
										<posy>60</posy>
										<width>60</width>
										<height>60</height>
										<texture flipy="true" diffuse="toutv-diffuse_mirror2.png">$INFO[ListItem(-9).Thumb]</texture>
										<aspectratio align="center" aligny="top">keep</aspectratio>
										<animation effect="fade" start="75" end="75" time="0" condition="true">Conditional</animation>
									</control>
								</control>
							</control>
						</control>
					</control>

					<control type="group">
						<description>NNE (10) slide to N (0-360)</description>
						<posx>664</posx>
						<posy>160</posy>
						<visible>Container.OnPrevious</visible>
						<animation effect="slide" end="-64,10" time="500" reversible="false">Hidden</animation>
						<control type="group">
							<visible>Container.OnPrevious</visible>
							<animation effect="fade" end="75" time="500" reversible="false">Hidden</animation>
							<control type="group">
								<visible>Container.OnPrevious</visible>
								<animation effect="zoom" center="40,40" start="100" end="75" time="500" reversible="false">Hidden</animation>
								<control type="group">
									<visible>Container.OnPrevious | Skin.HasSetting(toutv_HideRotateCompass)</visible>
									<animation effect="rotatey" center="40,0" start="0" end="75" time="500" reversible="false" condition="!Skin.HasSetting(toutv_HideRotateCompass)">Hidden</animation>
									<control type="image">
										<posx>0</posx>
										<posy>0</posy>
										<width>80</width>
										<height>80</height>
										<texture>$INFO[ListItem(10).Thumb]</texture>
										<aspectratio align="center" aligny="bottom">keep</aspectratio>
										<animation effect="rotatey" center="40,0" start="0" end="-75" time="0" condition="!Skin.HasSetting(toutv_HideRotateCompass)">Conditional</animation>
									</control>
									<control type="image">
										<posx>0</posx>
										<posy>80</posy>
										<width>80</width>
										<height>80</height>
										<texture flipy="true" diffuse="toutv-diffuse_mirror2.png">$INFO[ListItem(10).Thumb]</texture>
										<aspectratio align="center" aligny="top">keep</aspectratio>
										<animation effect="rotatey" center="40,0" start="0" end="-75" time="0" condition="!Skin.HasSetting(toutv_HideRotateCompass)">Conditional</animation>
									</control>
								</control>
							</control>
						</control>
					</control>

					<control type="group">
						<description>NNW (10-350) slide to NNW (20-340)</description>
						<posx>536</posx>
						<posy>160</posy>
						<visible>Container.OnPrevious</visible>
						<animation effect="slide" end="-62,-5" time="500" reversible="false">Hidden</animation>
						<control type="group">
							<visible>Container.OnPrevious</visible>
							<animation effect="zoom" center="40,40" start="100" end="125" time="500" reversible="false">Hidden</animation>
							<control type="group">
								<visible>Container.OnPrevious | Skin.HasSetting(toutv_HideRotateCompass)</visible>
								<animation effect="rotatey" center="40,0" start="0" end="-10" time="500" reversible="false" condition="!Skin.HasSetting(toutv_HideRotateCompass)">Hidden</animation>
								<control type="image">
									<posx>0</posx>
									<posy>0</posy>
									<width>80</width>
									<height>80</height>
									<texture>$INFO[ListItem(-8).Thumb]</texture>
									<aspectratio align="center" aligny="bottom">keep</aspectratio>
									<animation effect="rotatey" center="40,0" start="0" end="75" time="0" condition="!Skin.HasSetting(toutv_HideRotateCompass)">Conditional</animation>
								</control>
								<control type="image">
									<posx>0</posx>
									<posy>80</posy>
									<width>80</width>
									<height>80</height>
									<texture flipy="true" diffuse="toutv-diffuse_mirror2.png">$INFO[ListItem(-8).Thumb]</texture>
									<aspectratio align="center" aligny="top">keep</aspectratio>
									<animation effect="rotatey" center="40,0" start="0" end="75" time="0" condition="!Skin.HasSetting(toutv_HideRotateCompass)">Conditional</animation>
								</control>
							</control>
						</control>
					</control>

					<control type="group">
						<description>NNE (20) slide to NNE (10)</description>
						<posx>716</posx>
						<posy>145</posy>
						<visible>Container.OnPrevious</visible>
						<animation effect="slide" end="-62,5" time="500" reversible="false">Hidden</animation>
						<control type="group">
							<visible>Container.OnPrevious</visible>
							<animation effect="zoom" center="50,50" start="100" end="80" time="500" reversible="false">Hidden</animation>
							<control type="group">
								<visible>Container.OnPrevious | Skin.HasSetting(toutv_HideRotateCompass)</visible>
								<animation effect="rotatey" center="50,0" start="0" end="-10" time="500" reversible="false" condition="!Skin.HasSetting(toutv_HideRotateCompass)">Hidden</animation>
								<control type="image">
									<posx>0</posx>
									<posy>0</posy>
									<width>100</width>
									<height>100</height>
									<texture>$INFO[ListItem(9).Thumb]</texture>
									<aspectratio align="center" aligny="bottom">keep</aspectratio>
									<animation effect="rotatey" center="50,0" start="0" end="-65" time="0" condition="!Skin.HasSetting(toutv_HideRotateCompass)">Conditional</animation>
								</control>
								<control type="image">
									<posx>0</posx>
									<posy>100</posy>
									<width>100</width>
									<height>100</height>
									<texture flipy="true" diffuse="toutv-diffuse_mirror2.png">$INFO[ListItem(9).Thumb]</texture>
									<aspectratio align="center" aligny="top">keep</aspectratio>
									<animation effect="rotatey" center="50,0" start="0" end="-65" time="0" condition="!Skin.HasSetting(toutv_HideRotateCompass)">Conditional</animation>
								</control>
							</control>
						</control>
					</control>

					<control type="group">
						<description>NNW (20-340) slide to NNW (30-330)</description>
						<posx>464</posx>
						<posy>145</posy>
						<visible>Container.OnPrevious</visible>
						<animation effect="slide" end="-60,-1" time="500" reversible="false">Hidden</animation>
						<control type="group">
							<visible>Container.OnPrevious</visible>
							<animation effect="zoom" center="50,50" start="100" end="120" time="500" reversible="false">Hidden</animation>
							<control type="group">
								<visible>Container.OnPrevious | Skin.HasSetting(toutv_HideRotateCompass)</visible>
								<animation effect="rotatey" center="50,0" start="0" end="-10" time="500" reversible="false" condition="!Skin.HasSetting(toutv_HideRotateCompass)">Hidden</animation>
								<control type="image">
									<posx>0</posx>
									<posy>0</posy>
									<width>100</width>
									<height>100</height>
									<texture>$INFO[ListItem(-7).Thumb]</texture>
									<aspectratio align="center" aligny="bottom">keep</aspectratio>
									<animation effect="rotatey" center="50,0" start="0" end="65" time="0" condition="!Skin.HasSetting(toutv_HideRotateCompass)">Conditional</animation>
								</control>
								<control type="image">
									<posx>0</posx>
									<posy>100</posy>
									<width>100</width>
									<height>100</height>
									<texture flipy="true" diffuse="toutv-diffuse_mirror2.png">$INFO[ListItem(-7).Thumb]</texture>
									<aspectratio align="center" aligny="top">keep</aspectratio>
									<animation effect="rotatey" center="50,0" start="0" end="65" time="0" condition="!Skin.HasSetting(toutv_HideRotateCompass)">Conditional</animation>
								</control>
							</control>
						</control>
					</control>

					<control type="group">
						<description>NNE (30) slide to NNE (20)</description>
						<posx>765</posx>
						<posy>134</posy>
						<visible>Container.OnPrevious</visible>
						<animation effect="slide" end="-59,1" time="500" reversible="false">Hidden</animation>
						<control type="group">
							<visible>Container.OnPrevious</visible>
							<animation effect="zoom" center="60,60" start="100" end="84" time="500" reversible="false">Hidden</animation>
							<control type="group">
								<visible>Container.OnPrevious | Skin.HasSetting(toutv_HideRotateCompass)</visible>
								<animation effect="rotatey" center="60,0" start="0" end="-10" time="500" reversible="false" condition="!Skin.HasSetting(toutv_HideRotateCompass)">Hidden</animation>
								<control type="image">
									<posx>0</posx>
									<posy>0</posy>
									<width>120</width>
									<height>120</height>
									<texture>$INFO[ListItem(8).Thumb]</texture>
									<aspectratio align="center" aligny="bottom">keep</aspectratio>
									<animation effect="rotatey" center="60,0" start="0" end="-55" time="0" condition="!Skin.HasSetting(toutv_HideRotateCompass)">Conditional</animation>
								</control>
								<control type="image">
									<posx>0</posx>
									<posy>120</posy>
									<width>120</width>
									<height>120</height>
									<texture flipy="true" diffuse="toutv-diffuse_mirror2.png">$INFO[ListItem(8).Thumb]</texture>
									<aspectratio align="center" aligny="top">keep</aspectratio>
									<animation effect="rotatey" center="60,0" start="0" end="-55" time="0" condition="!Skin.HasSetting(toutv_HideRotateCompass)">Conditional</animation>
								</control>
							</control>
						</control>
					</control>

					<control type="group">
						<description>NNW (30-330) slide to NW (45-315)</description>
						<posx>394</posx>
						<posy>134</posy>
						<visible>Container.OnPrevious</visible>
						<animation effect="slide" end="-82,6" time="500" reversible="false">Hidden</animation>
						<control type="group">
							<visible>Container.OnPrevious</visible>
							<animation effect="zoom" center="60,60" start="100" end="120" time="500" reversible="false">Hidden</animation>
							<control type="group">
								<visible>Container.OnPrevious | Skin.HasSetting(toutv_HideRotateCompass)</visible>
								<animation effect="rotatey" center="60,0" start="0" end="-10" time="500" reversible="false" condition="!Skin.HasSetting(toutv_HideRotateCompass)">Hidden</animation>
								<control type="image">
									<posx>0</posx>
									<posy>0</posy>
									<width>120</width>
									<height>120</height>
									<texture>$INFO[ListItem(-6).Thumb]</texture>
									<aspectratio align="center" aligny="bottom">keep</aspectratio>
									<animation effect="rotatey" center="60,0" start="0" end="55" time="0" condition="!Skin.HasSetting(toutv_HideRotateCompass)">Conditional</animation>
								</control>
								<control type="image">
									<posx>0</posx>
									<posy>120</posy>
									<width>120</width>
									<height>120</height>
									<texture flipy="true" diffuse="toutv-diffuse_mirror2.png">$INFO[ListItem(-6).Thumb]</texture>
									<aspectratio align="center" aligny="top">keep</aspectratio>
									<animation effect="rotatey" center="60,0" start="0" end="55" time="0" condition="!Skin.HasSetting(toutv_HideRotateCompass)">Conditional</animation>
								</control>
							</control>
						</control>
					</control>

					<control type="group">
						<description>NE (45) slide to NNE (30)</description>
						<posx>836</posx>
						<posy>128</posy>
						<visible>Container.OnPrevious</visible>
						<animation effect="slide" end="-83,-6" time="500" reversible="false">Hidden</animation>
						<control type="group">
							<visible>Container.OnPrevious</visible>
							<animation effect="zoom" center="72,72" start="100" end="84" time="500" reversible="false">Hidden</animation>
							<control type="group">
								<visible>Container.OnPrevious | Skin.HasSetting(toutv_HideRotateCompass)</visible>
								<animation effect="rotatey" center="72,0" start="0" end="-10" time="500" reversible="false" condition="!Skin.HasSetting(toutv_HideRotateCompass)">Hidden</animation>
								<control type="image">
									<posx>0</posx>
									<posy>0</posy>
									<width>144</width>
									<height>144</height>
									<texture>$INFO[ListItem(7).Thumb]</texture>
									<aspectratio align="center" aligny="bottom">keep</aspectratio>
									<animation effect="rotatey" center="72,0" start="0" end="-45" time="0" condition="!Skin.HasSetting(toutv_HideRotateCompass)">Conditional</animation>
								</control>
								<control type="image">
									<posx>0</posx>
									<posy>144</posy>
									<width>144</width>
									<height>144</height>
									<texture flipy="true" diffuse="toutv-diffuse_mirror2.png">$INFO[ListItem(7).Thumb]</texture>
									<aspectratio align="center" aligny="top">keep</aspectratio>
									<animation effect="rotatey" center="72,0" start="0" end="-45" time="0" condition="!Skin.HasSetting(toutv_HideRotateCompass)">Conditional</animation>
								</control>
							</control>
						</control>
					</control>

					<control type="group">
						<description>NW (45-315) slide to WNW (60-300)</description>
						<posx>300</posx>
						<posy>128</posy>
						<visible>Container.OnPrevious</visible>
						<animation effect="slide" end="-74,20" time="500" reversible="false">Hidden</animation>
						<control type="group">
							<visible>Container.OnPrevious</visible>
							<animation effect="zoom" center="72,72" start="100" end="112" time="500" reversible="false">Hidden</animation>
							<control type="group">
								<visible>Container.OnPrevious | Skin.HasSetting(toutv_HideRotateCompass)</visible>
								<animation effect="rotatey" center="72,0" start="0" end="-15" time="500" reversible="false" condition="!Skin.HasSetting(toutv_HideRotateCompass)">Hidden</animation>
								<control type="image">
									<posx>0</posx>
									<posy>0</posy>
									<width>144</width>
									<height>144</height>
									<texture>$INFO[ListItem(-5).Thumb]</texture>
									<aspectratio align="center" aligny="bottom">keep</aspectratio>
									<animation effect="rotatey" center="72,0" start="0" end="45" time="0" condition="!Skin.HasSetting(toutv_HideRotateCompass)">Conditional</animation>
								</control>
								<control type="image">
									<posx>0</posx>
									<posy>144</posy>
									<width>144</width>
									<height>144</height>
									<texture flipy="true" diffuse="toutv-diffuse_mirror2.png">$INFO[ListItem(-5).Thumb]</texture>
									<aspectratio align="center" aligny="top">keep</aspectratio>
									<animation effect="rotatey" center="72,0" start="0" end="45" time="0" condition="!Skin.HasSetting(toutv_HideRotateCompass)">Conditional</animation>
								</control>
							</control>
						</control>
					</control>

					<control type="group">
						<description>ENE (60) slide to NE (45)</description>
						<posx>902</posx>
						<posy>140</posy>
						<visible>Container.OnPrevious</visible>
						<animation effect="slide" end="-74,-20" time="500" reversible="false">Hidden</animation>
						<control type="group">
							<visible>Container.OnPrevious</visible>
							<animation effect="zoom" center="80,80" start="100" end="90" time="500" reversible="false">Hidden</animation>
							<control type="group">
								<visible>Container.OnPrevious | Skin.HasSetting(toutv_HideRotateCompass)</visible>
								<animation effect="rotatey" center="80,0" start="0" end="-15" time="500" reversible="false" condition="!Skin.HasSetting(toutv_HideRotateCompass)">Hidden</animation>
								<control type="image">
									<posx>0</posx>
									<posy>0</posy>
									<width>160</width>
									<height>160</height>
									<texture>$INFO[ListItem(6).Thumb]</texture>
									<aspectratio align="center" aligny="bottom">keep</aspectratio>
									<animation effect="rotatey" center="80,0" start="0" end="-30" time="0" condition="!Skin.HasSetting(toutv_HideRotateCompass)">Conditional</animation>
								</control>
								<control type="image">
									<posx>0</posx>
									<posy>160</posy>
									<width>160</width>
									<height>160</height>
									<texture flipy="true" diffuse="toutv-diffuse_mirror2.png">$INFO[ListItem(6).Thumb]</texture>
									<aspectratio align="center" aligny="top">keep</aspectratio>
									<animation effect="rotatey" center="80,0" start="0" end="-30" time="0" condition="!Skin.HasSetting(toutv_HideRotateCompass)">Conditional</animation>
								</control>
							</control>
						</control>
					</control>

					<control type="group">
						<description>WNW (60-300) slide to W (90-270)</description>
						<posx>218</posx>
						<posy>140</posy>
						<visible>Container.OnPrevious</visible>
						<animation effect="slide" end="-98,55" time="500" reversible="false">Hidden</animation>
						<control type="group">
							<visible>Container.OnPrevious</visible>
							<animation effect="zoom" center="80,80" start="100" end="125" time="500" reversible="false">Hidden</animation>
							<control type="group">
								<visible>Container.OnPrevious | Skin.HasSetting(toutv_HideRotateCompass)</visible>
								<animation effect="rotatey" center="80,0" start="0" end="-30" time="500" reversible="false" condition="!Skin.HasSetting(toutv_HideRotateCompass)">Hidden</animation>
								<control type="image">
									<posx>0</posx>
									<posy>0</posy>
									<width>160</width>
									<height>160</height>
									<texture>$INFO[ListItem(-4).Thumb]</texture>
									<aspectratio align="center" aligny="bottom">keep</aspectratio>
									<animation effect="rotatey" center="80,0" start="0" end="30" time="0" condition="!Skin.HasSetting(toutv_HideRotateCompass)">Conditional</animation>
								</control>
								<control type="image">
									<posx>0</posx>
									<posy>160</posy>
									<width>160</width>
									<height>160</height>
									<texture flipy="true" diffuse="toutv-diffuse_mirror2.png">$INFO[ListItem(-4).Thumb]</texture>
									<aspectratio align="center" aligny="top">keep</aspectratio>
									<animation effect="rotatey" center="80,0" start="0" end="30" time="0" condition="!Skin.HasSetting(toutv_HideRotateCompass)">Conditional</animation>
								</control>
							</control>
						</control>
					</control>

					<control type="group">
						<description>E (90) slide to ENE (60)</description>
						<posx>980</posx>
						<posy>175</posy>
						<visible>Container.OnPrevious</visible>
						<animation effect="slide" end="-98,-55" time="500" reversible="false">Hidden</animation>
						<control type="group">
							<visible>Container.OnPrevious</visible>
							<animation effect="zoom" center="100,100" start="100" end="80" time="500" reversible="false">Hidden</animation>
							<control type="group">
								<visible>Container.OnPrevious | Skin.HasSetting(toutv_HideRotateCompass)</visible>
								<animation effect="rotatey" center="100,0" start="0" end="-30" time="500" reversible="false" condition="!Skin.HasSetting(toutv_HideRotateCompass)">Hidden</animation>
								<control type="image">
									<posx>0</posx>
									<posy>0</posy>
									<width>200</width>
									<height>200</height>
									<texture>$INFO[ListItem(5).Thumb]</texture>
									<aspectratio align="center" aligny="bottom">keep</aspectratio>
								</control>
								<control type="image">
									<posx>0</posx>
									<posy>200</posy>
									<width>200</width>
									<height>200</height>
									<texture flipy="true" diffuse="toutv-diffuse_mirror2.png">$INFO[ListItem(5).Thumb]</texture>
									<aspectratio align="center" aligny="top">keep</aspectratio>
								</control>
							</control>
						</control>
					</control>

					<control type="group">
						<description>W (90-270) slide to WSW (60-240)</description>
						<posx>100</posx>
						<posy>175</posy>
						<visible>Container.OnPrevious</visible>
						<animation effect="slide" end="8,74" time="500" reversible="false">Hidden</animation>
						<control type="group">
							<visible>Container.OnPrevious</visible>
							<animation effect="zoom" center="100,100" start="100" end="121" time="500" reversible="false">Hidden</animation>
							<control type="image">
								<posx>0</posx>
								<posy>0</posy>
								<width>200</width>
								<height>200</height>
								<texture>$INFO[ListItem(-3).Thumb]</texture>
								<aspectratio align="center" aligny="bottom">keep</aspectratio>
							</control>
							<control type="image">
								<posx>0</posx>
								<posy>200</posy>
								<width>200</width>
								<height>200</height>
								<texture flipy="true" diffuse="toutv-diffuse_mirror2.png">$INFO[ListItem(-3).Thumb]</texture>
								<aspectratio align="center" aligny="top">keep</aspectratio>
							</control>
						</control>
					</control>

					<control type="group">
						<description>ESE (60-120) slide to E (90)</description>
						<posx>951</posx>
						<posy>228</posy>
						<visible>Container.OnPrevious</visible>
						<animation effect="slide" end="8,-74" time="500" reversible="false">Hidden</animation>
						<control type="group">
							<visible>Container.OnPrevious</visible>
							<animation effect="zoom" center="121,121" start="100" end="83" time="500" reversible="false">Hidden</animation>
							<control type="image">
								<posx>0</posx>
								<posy>0</posy>
								<width>242</width>
								<height>242</height>
								<texture>$INFO[ListItem(4).Thumb]</texture>
								<aspectratio align="center" aligny="bottom">keep</aspectratio>
							</control>
							<control type="image">
								<posx>0</posx>
								<posy>242</posy>
								<width>242</width>
								<height>242</height>
								<texture flipy="true" diffuse="toutv-diffuse_mirror2.png">$INFO[ListItem(4).Thumb]</texture>
								<aspectratio align="center" aligny="top">keep</aspectratio>
							</control>
						</control>
					</control>

					<control type="group">
						<description>WSW (60-240) slide to SW (40-220)</description>
						<posx>87</posx>
						<posy>228</posy>
						<visible>Container.OnPrevious</visible>
						<animation effect="slide" end="85,45" time="500" reversible="false">Hidden</animation>
						<control type="group">
							<visible>Container.OnPrevious</visible>
							<animation effect="zoom" center="121,121" start="100" end="114" time="500" reversible="false">Hidden</animation>
							<control type="image">
								<posx>0</posx>
								<posy>0</posy>
								<width>242</width>
								<height>242</height>
								<texture>$INFO[ListItem(-2).Thumb]</texture>
								<aspectratio align="center" aligny="bottom">keep</aspectratio>
							</control>
							<control type="image">
								<posx>0</posx>
								<posy>242</posy>
								<width>242</width>
								<height>242</height>
								<texture flipy="true" diffuse="toutv-diffuse_mirror2.png">$INFO[ListItem(-2).Thumb]</texture>
								<aspectratio align="center" aligny="top">keep</aspectratio>
							</control>
						</control>
					</control>

					<control type="group">
						<description>SE (40-140) slide to ESE (60-120)</description>
						<posx>849</posx>
						<posy>256</posy>
						<visible>Container.OnPrevious</visible>
						<animation effect="slide" end="86,-43" time="500" reversible="false">Hidden</animation>
						<control type="group">
							<visible>Container.OnPrevious</visible>
							<animation effect="zoom" center="137,137" start="100" end="89" time="500" reversible="false">Hidden</animation>
							<control type="image">
								<posx>0</posx>
								<posy>0</posy>
								<width>275</width>
								<height>275</height>
								<texture>$INFO[ListItem(3).Thumb]</texture>
								<aspectratio align="center" aligny="bottom">keep</aspectratio>
							</control>
							<control type="image">
								<posx>0</posx>
								<posy>275</posy>
								<width>275</width>
								<height>275</height>
								<texture flipy="true" diffuse="toutv-diffuse_mirror2.png">$INFO[ListItem(3).Thumb]</texture>
								<aspectratio align="center" aligny="top">keep</aspectratio>
							</control>
						</control>
					</control>

					<control type="group">
						<description>SW (40-220) slide to SSW (25-205)</description>
						<posx>156</posx>
						<posy>256</posy>
						<visible>Container.OnPrevious</visible>
						<animation effect="slide" end="106,20" time="500" reversible="false">Hidden</animation>
						<control type="group">
							<visible>Container.OnPrevious</visible>
							<animation effect="zoom" center="138,138" start="100" end="108" time="500" reversible="false">Hidden</animation>
							<control type="image">
								<posx>0</posx>
								<posy>0</posy>
								<width>275</width>
								<height>275</height>
								<texture>$INFO[ListItem(-1).Thumb]</texture>
								<aspectratio align="center" aligny="bottom">keep</aspectratio>
							</control>
							<control type="image">
								<posx>0</posx>
								<posy>275</posy>
								<width>275</width>
								<height>275</height>
								<texture flipy="true" diffuse="toutv-diffuse_mirror2.png">$INFO[ListItem(-1).Thumb]</texture>
								<aspectratio align="center" aligny="top">keep</aspectratio>
							</control>
						</control>
					</control>

					<control type="group">
						<description>SSE (25-155) slide to SE (40-140)</description>
						<posx>727</posx>
						<posy>261</posy>
						<visible>Container.OnPrevious</visible>
						<animation effect="slide" end="108,-20" time="500" reversible="false">Hidden</animation>
						<control type="group">
							<visible>Container.OnPrevious</visible>
							<animation effect="zoom" center="153,153" start="100" end="91" time="500" reversible="false">Hidden</animation>
							<control type="image">
								<posx>0</posx>
								<posy>0</posy>
								<width>306</width>
								<height>306</height>
								<texture>$INFO[ListItem(2).Thumb]</texture>
								<aspectratio align="center" aligny="bottom">keep</aspectratio>
								<bordersize>4</bordersize>
							</control>
							<control type="image">
								<posx>0</posx>
								<posy>306</posy>
								<width>306</width>
								<height>306</height>
								<texture flipy="true" diffuse="toutv-diffuse_mirror2.png">$INFO[ListItem(2).Thumb]</texture>
								<aspectratio align="center" aligny="top">keep</aspectratio>
								<bordersize>4</bordersize>
							</control>
						</control>
					</control>

					<control type="group">
						<description>S (0-180) slide to SSE (25-155)</description>
						<posx>460</posx>
						<posy>244</posy>
						<visible>Container.OnPrevious</visible>
						<animation effect="slide" end="240,-10" time="500" reversible="false">Hidden</animation>
						<control type="group">
							<visible>Container.OnPrevious</visible>
							<animation effect="zoom" center="180,180" start="100" end="77" time="500" reversible="false">Hidden</animation>
							<control type="image">
								<posx>0</posx>
								<posy>0</posy>
								<width>360</width>
								<height>360</height>
								<aspectratio align="center" aligny="bottom">keep</aspectratio>
								<texture>$INFO[ListItem(1).Thumb]</texture>
								<bordersize>4</bordersize>
								<animation effect="zoom" center="auto" start="110" end="110" time="0" condition="true">conditional</animation>
							</control>
							<control type="image">
								<posx>0</posx>
								<posy>360</posy>
								<width>360</width>
								<height>360</height>
								<aspectratio align="center" aligny="top">keep</aspectratio>
								<texture flipy="true" diffuse="toutv-diffuse_mirror2.png">$INFO[ListItem(1).Thumb]</texture>
								<bordersize>4</bordersize>
								<animation condition="true" type="Conditional">
									<effect type="zoom" center="auto" start="110" end="110" time="0" />
									<effect type="slide" start="0,40" end="0,0" time="0" />
								</animation>
							</control>
						</control>
					</control>

					<control type="group">
						<description>SSW (25-205) slide to S (0-180)</description>
						<posx>247</posx>
						<posy>261</posy>
						<visible>Container.OnPrevious</visible>
						<animation effect="slide" end="241,11" time="500" reversible="false">Hidden</animation>
						<control type="group">
							<visible>Container.OnPrevious</visible>
							<animation effect="zoom" center="153,153" start="100" end="129" time="500" reversible="false">Hidden</animation>
							<control type="image">
								<posx>0</posx>
								<posy>0</posy>
								<width>306</width>
								<height>306</height>
								<texture>$INFO[ListItem(0).Thumb]</texture>
								<aspectratio align="center" aligny="bottom">keep</aspectratio>
								<bordertexture border="4">toutv-folder-focus.png</bordertexture>
								<bordersize>4</bordersize>
							</control>
							<control type="image">
								<posx>0</posx>
								<posy>306</posy>
								<width>306</width>
								<height>306</height>
								<texture flipy="true" diffuse="toutv-diffuse_mirror2.png">$INFO[ListItem(0).Thumb]</texture>
								<aspectratio align="center" aligny="top">keep</aspectratio>
								<bordertexture border="4" flipy="true" diffuse="toutv-diffuse_mirror2.png">toutv-folder-focus.png</bordertexture>
								<bordersize>4</bordersize>
							</control>
						</control>
					</control>

				</control>
				<!-- END::COUNTER CLOCKWISE::EN SENS INVERSE DES AIGUILLES D'UNE MONTRE -->

				<!-- STATIC ICONS -->
				<control type="group" id="3013">
					<visible>!Control.IsVisible(3011) + !Control.IsVisible(3012)</visible>
					<camera x="640" y="0" />

					<control type="group">
						<description>N (0-360)</description>
						<posx>610</posx>
						<posy>180</posy>
						<animation effect="fade" start="75" end="75" time="0" condition="true">Conditional</animation>
						<control type="image">
							<posx>0</posx>
							<posy>0</posy>
							<width>60</width>
							<height>60</height>
							<texture>$INFO[ListItem(10).Thumb]</texture>
							<aspectratio align="center" aligny="bottom">keep</aspectratio>
						</control>
						<control type="image">
							<posx>0</posx>
							<posy>60</posy>
							<width>60</width>
							<height>60</height>
							<texture flipy="true" diffuse="toutv-diffuse_mirror2.png">$INFO[ListItem(10).Thumb]</texture>
							<aspectratio align="center" aligny="top">keep</aspectratio>
						</control>
					</control>

					<control type="group">
						<description>NNE (10)</description>
						<posx>664</posx>
						<posy>160</posy>
						<animation effect="rotatey" center="704,0" start="0" end="-75" time="500" condition="!Skin.HasSetting(toutv_HideRotateCompass)">Conditional</animation>
						<control type="image">
							<posx>0</posx>
							<posy>0</posy>
							<width>80</width>
							<height>80</height>
							<texture>$INFO[ListItem(9).Thumb]</texture>
							<aspectratio align="center" aligny="bottom">keep</aspectratio>
						</control>
						<control type="image">
							<posx>0</posx>
							<posy>80</posy>
							<width>80</width>
							<height>80</height>
							<texture flipy="true" diffuse="toutv-diffuse_mirror2.png">$INFO[ListItem(9).Thumb]</texture>
							<aspectratio align="center" aligny="top">keep</aspectratio>
						</control>
					</control>

					<control type="group">
						<description>NNW (10-350)</description>
						<posx>536</posx>
						<posy>160</posy>
						<animation effect="rotatey" center="576,0" start="0" end="75" time="500" condition="!Skin.HasSetting(toutv_HideRotateCompass)">Conditional</animation>
						<control type="image">
							<posx>0</posx>
							<posy>0</posy>
							<width>80</width>
							<height>80</height>
							<texture>$INFO[ListItem(-9).Thumb]</texture>
							<aspectratio align="center" aligny="bottom">keep</aspectratio>
						</control>
						<control type="image">
							<posx>0</posx>
							<posy>80</posy>
							<width>80</width>
							<height>80</height>
							<texture flipy="true" diffuse="toutv-diffuse_mirror2.png">$INFO[ListItem(-9).Thumb]</texture>
							<aspectratio align="center" aligny="top">keep</aspectratio>
						</control>
					</control>

					<control type="group">
						<description>NNE (20)</description>
						<posx>716</posx>
						<posy>145</posy>
						<animation effect="rotatey" center="766,0" start="0" end="-65" time="500" condition="!Skin.HasSetting(toutv_HideRotateCompass)">Conditional</animation>
						<control type="image">
							<posx>0</posx>
							<posy>0</posy>
							<width>100</width>
							<height>100</height>
							<texture>$INFO[ListItem(8).Thumb]</texture>
							<aspectratio align="center" aligny="bottom">keep</aspectratio>
						</control>
						<control type="image">
							<posx>0</posx>
							<posy>100</posy>
							<width>100</width>
							<height>100</height>
							<texture flipy="true" diffuse="toutv-diffuse_mirror2.png">$INFO[ListItem(8).Thumb]</texture>
							<aspectratio align="center" aligny="top">keep</aspectratio>
						</control>
					</control>

					<control type="group">
						<description>NNW (20-340)</description>
						<posx>464</posx>
						<posy>145</posy>
						<animation effect="rotatey" center="514,0" start="0" end="65" time="500" condition="!Skin.HasSetting(toutv_HideRotateCompass)">Conditional</animation>
						<control type="image">
							<posx>0</posx>
							<posy>0</posy>
							<width>100</width>
							<height>100</height>
							<texture>$INFO[ListItem(-8).Thumb]</texture>
							<aspectratio align="center" aligny="bottom">keep</aspectratio>
						</control>
						<control type="image">
							<posx>0</posx>
							<posy>100</posy>
							<width>100</width>
							<height>100</height>
							<texture flipy="true" diffuse="toutv-diffuse_mirror2.png">$INFO[ListItem(-8).Thumb]</texture>
							<aspectratio align="center" aligny="top">keep</aspectratio>
						</control>
					</control>

					<control type="group">
						<description>NNE (30)</description>
						<posx>765</posx>
						<posy>134</posy>
						<animation effect="rotatey" center="825,0" start="0" end="-55" time="500" condition="!Skin.HasSetting(toutv_HideRotateCompass)">Conditional</animation>
						<control type="image">
							<posx>0</posx>
							<posy>0</posy>
							<width>120</width>
							<height>120</height>
							<texture>$INFO[ListItem(7).Thumb]</texture>
							<aspectratio align="center" aligny="bottom">keep</aspectratio>
						</control>
						<control type="image">
							<posx>0</posx>
							<posy>120</posy>
							<width>120</width>
							<height>120</height>
							<texture flipy="true" diffuse="toutv-diffuse_mirror2.png">$INFO[ListItem(7).Thumb]</texture>
							<aspectratio align="center" aligny="top">keep</aspectratio>
						</control>
					</control>

					<control type="group">
						<description>NNW (30-330)</description>
						<posx>394</posx>
						<posy>134</posy>
						<animation effect="rotatey" center="454,0" start="0" end="55" time="500" condition="!Skin.HasSetting(toutv_HideRotateCompass)">Conditional</animation>
						<control type="image">
							<posx>0</posx>
							<posy>0</posy>
							<width>120</width>
							<height>120</height>
							<texture>$INFO[ListItem(-7).Thumb]</texture>
							<aspectratio align="center" aligny="bottom">keep</aspectratio>
						</control>
						<control type="image">
							<posx>0</posx>
							<posy>120</posy>
							<width>120</width>
							<height>120</height>
							<texture flipy="true" diffuse="toutv-diffuse_mirror2.png">$INFO[ListItem(-7).Thumb]</texture>
							<aspectratio align="center" aligny="top">keep</aspectratio>
						</control>
					</control>

					<control type="group">
						<description>NE (45)</description>
						<posx>836</posx>
						<posy>128</posy>
						<animation effect="rotatey" center="908,0" start="0" end="-45" time="500" condition="!Skin.HasSetting(toutv_HideRotateCompass)">Conditional</animation>
						<control type="image">
							<posx>0</posx>
							<posy>0</posy>
							<width>144</width>
							<height>144</height>
							<texture>$INFO[ListItem(6).Thumb]</texture>
							<aspectratio align="center" aligny="bottom">keep</aspectratio>
						</control>
						<control type="image">
							<posx>0</posx>
							<posy>144</posy>
							<width>144</width>
							<height>144</height>
							<texture flipy="true" diffuse="toutv-diffuse_mirror2.png">$INFO[ListItem(6).Thumb]</texture>
							<aspectratio align="center" aligny="top">keep</aspectratio>
						</control>
					</control>

					<control type="group">
						<description>NW (45-315)</description>
						<posx>300</posx>
						<posy>128</posy>
						<animation effect="rotatey" center="372,0" start="0" end="45" time="500" condition="!Skin.HasSetting(toutv_HideRotateCompass)">Conditional</animation>
						<control type="image">
							<posx>0</posx>
							<posy>0</posy>
							<width>144</width>
							<height>144</height>
							<texture>$INFO[ListItem(-6).Thumb]</texture>
							<aspectratio align="center" aligny="bottom">keep</aspectratio>
						</control>
						<control type="image">
							<posx>0</posx>
							<posy>144</posy>
							<width>144</width>
							<height>144</height>
							<texture flipy="true" diffuse="toutv-diffuse_mirror2.png">$INFO[ListItem(-6).Thumb]</texture>
							<aspectratio align="center" aligny="top">keep</aspectratio>
						</control>
					</control>

					<control type="group">
						<description>ENE (60)</description>
						<posx>902</posx>
						<posy>140</posy>
						<animation effect="rotatey" center="982,0" start="0" end="-30" time="500" condition="!Skin.HasSetting(toutv_HideRotateCompass)">Conditional</animation>
						<control type="image">
							<posx>0</posx>
							<posy>0</posy>
							<width>160</width>
							<height>160</height>
							<texture>$INFO[ListItem(5).Thumb]</texture>
							<aspectratio align="center" aligny="bottom">keep</aspectratio>
						</control>
						<control type="image">
							<posx>0</posx>
							<posy>160</posy>
							<width>160</width>
							<height>160</height>
							<texture flipy="true" diffuse="toutv-diffuse_mirror2.png">$INFO[ListItem(5).Thumb]</texture>
							<aspectratio align="center" aligny="top">keep</aspectratio>
						</control>
					</control>

					<control type="group">
						<description>WNW (60-300)</description>
						<posx>218</posx>
						<posy>140</posy>
						<animation effect="rotatey" center="298,0" start="0" end="30" time="500" condition="!Skin.HasSetting(toutv_HideRotateCompass)">Conditional</animation>
						<control type="image">
							<posx>0</posx>
							<posy>0</posy>
							<width>160</width>
							<height>160</height>
							<texture>$INFO[ListItem(-5).Thumb]</texture>
							<aspectratio align="center" aligny="bottom">keep</aspectratio>
						</control>
						<control type="image">
							<posx>0</posx>
							<posy>160</posy>
							<width>160</width>
							<height>160</height>
							<texture flipy="true" diffuse="toutv-diffuse_mirror2.png">$INFO[ListItem(-5).Thumb]</texture>
							<aspectratio align="center" aligny="top">keep</aspectratio>
						</control>
					</control>

					<control type="group">
						<description>E (90)</description>
						<posx>980</posx>
						<posy>175</posy>
						<control type="image">
							<posx>0</posx>
							<posy>0</posy>
							<width>200</width>
							<height>200</height>
							<texture>$INFO[ListItem(4).Thumb]</texture>
							<aspectratio align="center" aligny="bottom">keep</aspectratio>
						</control>
						<control type="image">
							<posx>0</posx>
							<posy>200</posy>
							<width>200</width>
							<height>200</height>
							<texture flipy="true" diffuse="toutv-diffuse_mirror2.png">$INFO[ListItem(4).Thumb]</texture>
							<aspectratio align="center" aligny="top">keep</aspectratio>
						</control>
					</control>

					<control type="group">
						<description>W (90-270)</description>
						<posx>100</posx>
						<posy>175</posy>
						<control type="image">
							<posx>0</posx>
							<posy>0</posy>
							<width>200</width>
							<height>200</height>
							<texture>$INFO[ListItem(-4).Thumb]</texture>
							<aspectratio align="center" aligny="bottom">keep</aspectratio>
						</control>
						<control type="image">
							<posx>0</posx>
							<posy>200</posy>
							<width>200</width>
							<height>200</height>
							<texture flipy="true" diffuse="toutv-diffuse_mirror2.png">$INFO[ListItem(-4).Thumb]</texture>
							<aspectratio align="center" aligny="top">keep</aspectratio>
						</control>
					</control>

					<control type="group">
						<description>ESE (60-120)</description>
						<posx>951</posx>
						<posy>228</posy>
						<control type="image">
							<posx>0</posx>
							<posy>0</posy>
							<width>242</width>
							<height>242</height>
							<texture>$INFO[ListItem(3).Thumb]</texture>
							<aspectratio align="center" aligny="bottom">keep</aspectratio>
						</control>
						<control type="image">
							<posx>0</posx>
							<posy>242</posy>
							<width>242</width>
							<height>242</height>
							<texture flipy="true" diffuse="toutv-diffuse_mirror2.png">$INFO[ListItem(3).Thumb]</texture>
							<aspectratio align="center" aligny="top">keep</aspectratio>
						</control>
					</control>

					<control type="group">
						<description>WSW (60-240)</description>
						<posx>87</posx>
						<posy>228</posy>
						<control type="image">
							<posx>0</posx>
							<posy>0</posy>
							<width>242</width>
							<height>242</height>
							<texture>$INFO[ListItem(-3).Thumb]</texture>
							<aspectratio align="center" aligny="bottom">keep</aspectratio>
						</control>
						<control type="image">
							<posx>0</posx>
							<posy>242</posy>
							<width>242</width>
							<height>242</height>
							<texture flipy="true" diffuse="toutv-diffuse_mirror2.png">$INFO[ListItem(-3).Thumb]</texture>
							<aspectratio align="center" aligny="top">keep</aspectratio>
						</control>
					</control>

					<control type="group">
						<description>SE (40-140)</description>
						<posx>849</posx>
						<posy>256</posy>
						<control type="image">
							<posx>0</posx>
							<posy>0</posy>
							<width>275</width>
							<height>275</height>
							<texture>$INFO[ListItem(2).Thumb]</texture>
							<aspectratio align="center" aligny="bottom">keep</aspectratio>
						</control>
						<control type="image">
							<posx>0</posx>
							<posy>275</posy>
							<width>275</width>
							<height>275</height>
							<texture flipy="true" diffuse="toutv-diffuse_mirror2.png">$INFO[ListItem(2).Thumb]</texture>
							<aspectratio align="center" aligny="top">keep</aspectratio>
						</control>
					</control>

					<control type="group">
						<description>SW (40-220)</description>
						<posx>156</posx>
						<posy>256</posy>
						<control type="image">
							<posx>0</posx>
							<posy>0</posy>
							<width>275</width>
							<height>275</height>
							<texture>$INFO[ListItem(-2).Thumb]</texture>
							<aspectratio align="center" aligny="bottom">keep</aspectratio>
						</control>
						<control type="image">
							<posx>0</posx>
							<posy>275</posy>
							<width>275</width>
							<height>275</height>
							<texture flipy="true" diffuse="toutv-diffuse_mirror2.png">$INFO[ListItem(-2).Thumb]</texture>
							<aspectratio align="center" aligny="top">keep</aspectratio>
						</control>
					</control>

					<control type="group">
						<description>SSE (25-155)</description>
						<posx>727</posx>
						<posy>261</posy>
						<control type="image">
							<posx>0</posx>
							<posy>0</posy>
							<width>306</width>
							<height>306</height>
							<texture>$INFO[ListItem(1).Thumb]</texture>
							<aspectratio align="center" aligny="bottom">keep</aspectratio>
							<bordersize>4</bordersize>
						</control>
						<control type="image">
							<posx>0</posx>
							<posy>306</posy>
							<width>306</width>
							<height>306</height>
							<texture flipy="true" diffuse="toutv-diffuse_mirror2.png">$INFO[ListItem(1).Thumb]</texture>
							<aspectratio align="center" aligny="top">keep</aspectratio>
							<bordersize>4</bordersize>
						</control>
					</control>

					<control type="group">
						<description>SSW (25-205)</description>
						<posx>247</posx>
						<posy>261</posy>
						<control type="image">
							<posx>0</posx>
							<posy>0</posy>
							<width>306</width>
							<height>306</height>
							<texture>$INFO[ListItem(-1).Thumb]</texture>
							<aspectratio align="center" aligny="bottom">keep</aspectratio>
							<bordersize>4</bordersize>
						</control>
						<control type="image">
							<posx>0</posx>
							<posy>306</posy>
							<width>306</width>
							<height>306</height>
							<texture flipy="true" diffuse="toutv-diffuse_mirror2.png">$INFO[ListItem(-1).Thumb]</texture>
							<aspectratio align="center" aligny="top">keep</aspectratio>
							<bordersize>4</bordersize>
						</control>
					</control>

					<control type="group">
						<description>S (0-180)</description>
						<posx>460</posx>
						<posy>244</posy>
						<control type="image">
							<posx>0</posx>
							<posy>0</posy>
							<width>360</width>
							<height>360</height>
							<aspectratio align="center" aligny="bottom">keep</aspectratio>
							<texture>$INFO[ListItem(0).Thumb]</texture>
							<bordertexture border="4">toutv-folder-focus.png</bordertexture>
							<bordersize>4</bordersize>
							<visible>Control.HasFocus(50)</visible>
							<animation effect="zoom" center="auto" start="100" end="110" time="500" condition="Control.HasFocus(50)">conditional</animation>
						</control>
						<control type="image">
							<posx>0</posx>
							<posy>360</posy>
							<width>360</width>
							<height>360</height>
							<aspectratio align="center" aligny="top">keep</aspectratio>
							<texture flipy="true" diffuse="toutv-diffuse_mirror2.png">$INFO[ListItem(0).Thumb]</texture>
							<bordertexture border="4" flipy="true" diffuse="toutv-diffuse_mirror2.png">toutv-folder-focus.png</bordertexture>
							<bordersize>4</bordersize>
							<visible>Control.HasFocus(50)</visible>
							<animation condition="Control.HasFocus(50)" type="Conditional">
								<effect type="zoom" center="auto" start="100" end="110" time="500" />
								<effect type="slide" start="0,0" end="0,40" time="500" />
							</animation>
						</control>
						<control type="image">
							<posx>0</posx>
							<posy>0</posy>
							<width>360</width>
							<height>360</height>
							<aspectratio align="center" aligny="bottom">keep</aspectratio>
							<texture>$INFO[ListItem(0).Thumb]</texture>
							<bordersize>4</bordersize>
							<visible>!Control.HasFocus(50)</visible>
							<animation effect="zoom" center="auto" start="110" end="100" time="500" condition="!Control.HasFocus(50)">conditional</animation>
						</control>
						<control type="image">
							<posx>0</posx>
							<posy>360</posy>
							<width>360</width>
							<height>360</height>
							<aspectratio align="center" aligny="top">keep</aspectratio>
							<texture flipy="true" diffuse="toutv-diffuse_mirror2.png">$INFO[ListItem(0).Thumb]</texture>
							<bordersize>4</bordersize>
							<visible>!Control.HasFocus(50)</visible>
							<animation condition="!Control.HasFocus(50)" type="Conditional">
								<effect type="zoom" center="auto" start="110" end="100" time="500" />
								<effect type="slide" start="0,40" end="0,0" time="500" />
							</animation>
						</control>
						<control type="image">
							<posx>320</posx>
							<posy>320</posy>
							<width>40</width>
							<height>40</height>
							<aspectratio>keep</aspectratio>
							<texture>toutv-OverlayWatched.png</texture>
							<visible>StringCompare(ListItem(0).PlayCount,1)</visible>
						</control>
					</control>
				</control>
				<!-- END STATIC ICONS -->
				<!-- End Compass List -->
			</control>

			<control type="label">
				<posx>140</posx>
				<posy>100r</posy>
				<width>1000</width>
				<height>50</height>
				<font>font35_title</font>
				<selectedcolor>FFe2ff43</selectedcolor>
				<textcolor>FFFFFFFF</textcolor>
				<shadowcolor>FF000000</shadowcolor>
				<scroll>true</scroll>
				<align>center</align>
				<aligny>center</aligny>
				<label>$INFO[ListItem.Label]</label>
			</control>
			<control type="label">
				<posx>40</posx>
				<posy>45r</posy>
				<width>1200</width>
				<height>45</height>
				<font>font12caps</font>
				<selectedcolor>FFe2ff43</selectedcolor>
				<textcolor>FFFFFFFF</textcolor>
				<shadowcolor>FF000000</shadowcolor>
				<scroll>true</scroll>
				<align>center</align>
				<aligny>center</aligny>
				<label>$INFO[ListItem.Plot]</label>
			</control>
		</control>

		<control type="label">
			<description>Page Count Label</description>
			<posx>40r</posx>
			<posy>53r</posy>
			<width>500</width>
			<height>20</height>
			<font>font12</font>
			<textcolor>grey</textcolor>
			<scroll>false</scroll>
			<align>right</align>
			<aligny>center</aligny>
			<label>$INFO[Container.CurrentPage, $LOCALIZE[31025] ([COLOR=blue]]$INFO[Container.NumPages,/,[/COLOR])]$INFO[ListItem.Duration,[CR]$LOCALIZE[180] ([COLOR=blue],[/COLOR])]</label>
			<animation effect="slide" start="0,0" end="0,-10" condition="!IsEmpty(ListItem.Duration)">Conditional</animation>
			<animation effect="fade" time="250">WindowOpen</animation>
			<animation effect="fade" time="250">WindowClose</animation>
		</control>
		<control type="group">
			<visible>Container.Scrolling + [StringCompare(Container.SortMethod,$LOCALIZE[551]) | StringCompare(Container.SortMethod,$LOCALIZE[561]) | StringCompare(Container.SortMethod,$LOCALIZE[558]) | StringCompare(Container.SortMethod,$LOCALIZE[557]) | StringCompare(Container.SortMethod,$LOCALIZE[556])]</visible>
			<animation effect="slide" start="0,0" end="0,-60" time="100">Visible</animation>
			<animation effect="slide" start="0,-60" end="0,0" delay="400" time="100">Hidden</animation>
			<posx>300r</posx>
			<posy>720</posy>
			<control type="image">
				<posx>0</posx>
				<posy>0</posy>
				<width>70</width>
				<height>65</height>
				<texture border="20,20,20,2">toutv-InfoMessagePanel.png</texture>
			</control>
			<control type="label">
				<posx>5</posx>
				<posy>0</posy>
				<width>65</width>
				<height>60</height>
				<align>center</align>
				<aligny>center</aligny>
				<label>$INFO[ListItem.SortLetter]</label>
				<textcolor>white</textcolor>
				<font>font30_title</font>
			</control>
		</control>

		<control type="group">
			<posx>-250</posx>
			<animation effect="slide" start="0,0" end="250,0" time="400" tween="quadratic" easing="out" condition="ControlGroup(9000).HasFocus | Control.HasFocus(9001) | Control.HasFocus(8999)">Conditional</animation>
			<animation effect="slide" start="0,0" end="-300,0" time="400" tween="quadratic" easing="out" condition="ControlGroup(9000).HasFocus | Control.HasFocus(9001)">WindowClose</animation>
			<animation effect="slide" start="0,0" end="-50,0" time="300" tween="quadratic" easing="out" condition="![ControlGroup(9000).HasFocus | Control.HasFocus(9001)]">WindowClose</animation>
			<animation effect="slide" start="-50,0" end="0,0" time="300" tween="quadratic" easing="out">WindowOpen</animation>
			<control type="button" id="8999">
				<description>Fake button for mouse control</description>
				<posx>0</posx>
				<posy>0</posy>
				<width>250</width>
				<height>720</height>
				<label>-</label>
				<font>-</font>
				<texturenofocus>-</texturenofocus>
				<texturefocus>-</texturefocus>
				<visible>true</visible>
			</control>
			<control type="button" id="9001">
				<posx>250</posx>
				<posy>260</posy>
				<width>42</width>
				<height>128</height>
				<font>-</font>
				<texturefocus>toutv-HasSub.png</texturefocus>
				<texturenofocus>toutv-HasSub.png</texturenofocus>
			</control>
			<control type="image">
				<posx>0</posx>
				<posy>0</posy>
				<width>260</width>
				<height>720</height>
				<texture border="0,0,10,0">toutv-MediaBladeSub.png</texture>
			</control>
			<control type="image">
				<description>LOGO</description>
				<posx>15</posx>
				<posy>50</posy>
				<width>220</width>
				<height>80</height>
				<aspectratio>keep</aspectratio>
				<texture>toutv-Confluence_Logo.png</texture>
			</control>
			<control type="grouplist" id="9000">
				<posx>0</posx>
				<posy>110</posy>
				<width>250</width>
				<height>600</height>
				<onleft>9000</onleft>
				<onright>50</onright>
				<onup>9000</onup>
				<ondown>9000</ondown>
				<onback>50</onback>
				<itemgap>0</itemgap>
				<control type="label" id="200">
					<width>250</width>
					<height>35</height>
					<font>font12caps</font>
					<label>31006</label>
					<textcolor>blue</textcolor>
					<align>center</align>
					<aligny>center</aligny>
				</control>
				<control type="button" id="2">
					<description>View As button</description>
					<textwidth>235</textwidth>
					<height>40</height>
					<width>250</width>
					<textoffsetx>10</textoffsetx>
					<textwidth>200</textwidth>
					<aligny>center</aligny>
					<font>font13</font>
					<texturefocus border="5">button-focus.png</texturefocus>
					<texturenofocus>-</texturenofocus>
					<pulseonselect>false</pulseonselect>
					<label>-</label>
				</control>
				<control type="button" id="13">
					<description>Sort by button</description>
					<height>40</height>
					<width>250</width>
					<textoffsetx>10</textoffsetx>
					<textwidth>200</textwidth>
					<aligny>center</aligny>
					<font>font13</font>
					<texturefocus border="5">button-focus.png</texturefocus>
					<texturenofocus>-</texturenofocus>
					<pulseonselect>false</pulseonselect>
					<label>103</label>
					<enable>false</enable>
				</control>
				<control type="togglebutton" id="14">
					<description>Sort asc</description>
					<height>40</height>
					<width>250</width>
					<textoffsetx>10</textoffsetx>
					<textwidth>200</textwidth>
					<aligny>center</aligny>
					<font>font13</font>
					<texturefocus border="5">button-focus.png</texturefocus>
					<texturenofocus>-</texturenofocus>
					<pulseonselect>false</pulseonselect>
					<alttexturefocus border="5">toutv-button-focus.png</alttexturefocus>
					<alttexturenofocus>-</alttexturenofocus>
					<label>31051</label>
					<altlabel>31050</altlabel>
					<usealttexture>Container.SortDirection(Ascending)</usealttexture>
					<enable>false</enable>
				</control>
				<control type="radiobutton" id="99">
					<description>Show Info Toggle</description>
					<textwidth>170</textwidth>
					<height>40</height>
					<width>250</width>
					<textoffsetx>10</textoffsetx>
					<textwidth>200</textwidth>
					<aligny>center</aligny>
					<font>font13</font>
					<texturefocus border="5">button-focus.png</texturefocus>
					<texturenofocus>-</texturenofocus>
					<pulseonselect>false</pulseonselect>
					<label>Rotate Icon</label>
					<onclick>Skin.ToggleSetting(toutv_HideRotateCompass)</onclick>
					<selected>!Skin.HasSetting(toutv_HideRotateCompass)</selected>
				</control>
				<include>CommonNowPlaying_Controls</include>
			</control>
		</control>

		<control type="group">
			<posx>210</posx>
			<posy>0</posy>
			<visible>IsEmpty(ListItem.TVShowTitle)</visible>
			<animation effect="fade" time="300">Visible</animation>
			<animation effect="fade" time="300">Hidden</animation>
			<animation effect="slide" end="-510,0" time="400" tween="quadratic" easing="out">WindowClose</animation>
			<animation effect="slide" start="-510,0" time="400" tween="quadratic" easing="out">WindowOpen</animation>
			<control type="image">
				<posx>0</posx>
				<posy>0</posy>
				<width>250</width>
				<height>35</height>
				<texture border="0,0,32,0">toutv-header.png</texture>
			</control>
			<control type="label">
				<width>1060</width>
				<height>28</height>
				<font>font12caps</font>
				<textcolor>white</textcolor>
				<scroll>false</scroll>
				<align>right</align>
				<aligny>center</aligny>
				<posx>220</posx>
				<label>$LOCALIZE[20343]</label>
			</control>
		</control>
		<control type="group">
			<posx>480</posx>
			<posy>0</posy>
			<visible>!IsEmpty(ListItem.Season)</visible>
			<animation effect="fade" time="300">Visible</animation>
			<animation effect="fade" time="300">Hidden</animation>
			<animation effect="slide" end="-710,0" time="400" tween="quadratic" easing="out">WindowClose</animation>
			<animation effect="slide" start="-710,0" time="400" tween="quadratic" easing="out">WindowOpen</animation>
			<control type="image">
				<posx>0</posx>
				<posy>0</posy>
				<width>250</width>
				<height>35</height>
				<texture border="0,0,32,0">toutv-header.png</texture>
			</control>
			<control type="label">
				<width>1060</width>
				<height>28</height>
				<font>font12caps</font>
				<textcolor>white</textcolor>
				<scroll>false</scroll>
				<align>right</align>
				<aligny>center</aligny>
				<posx>220</posx>
				<posy>0</posy>
				<label>$INFO[ListItem.Season,$LOCALIZE[20373] ]</label>
			</control>
		</control>
		<control type="group">
			<posx>210</posx>
			<posy>0</posy>
			<visible>!IsEmpty(ListItem.TVShowTitle)</visible>
			<animation effect="fade" time="300">Visible</animation>
			<animation effect="fade" time="300">Hidden</animation>
			<animation effect="slide" end="-600,0" time="400" tween="quadratic" easing="out">WindowClose</animation>
			<animation effect="slide" start="-600,0" time="400" tween="quadratic" easing="out">WindowOpen</animation>
			<control type="image">
				<posx>0</posx>
				<posy>0</posy>
				<width>350</width>
				<height>35</height>
				<texture border="0,0,32,0">toutv-header.png</texture>
			</control>
			<control type="label">
				<width>250</width>
				<width>1060</width>
				<height>28</height>
				<font>font12caps</font>
				<textcolor>white</textcolor>
				<scroll>false</scroll>
				<align>right</align>
				<aligny>center</aligny>
				<posx>320</posx>
				<posy>0</posy>
				<label>$INFO[ListItem.TVShowTitle]</label>
			</control>
		</control>
		<control type="group">
			<posx>50</posx>
			<posy>0</posy>
			<animation effect="slide" end="-310,0" time="400" tween="quadratic" easing="out">WindowClose</animation>
			<animation effect="slide" start="-310,0" time="400" tween="quadratic" easing="out">WindowOpen</animation>
			<control type="image">
				<posx>0</posx>
				<posy>0</posy>
				<width>190</width>
				<height>35</height>
				<texture border="0,0,32,0">toutv-header.png</texture>
			</control>
			<control type="label">
				<width>1060</width>
				<height>28</height>
				<font>font12caps</font>
				<textcolor>white</textcolor>
				<scroll>false</scroll>
				<align>right</align>
				<aligny>center</aligny>
				<posx>160</posx>
				<posy>0</posy>
				<label>$LOCALIZE[3]</label>
			</control>
		</control>
		<control type="group">
			<posx>0</posx>
			<posy>0</posy>
			<animation effect="slide" end="-270,0" time="400" tween="quadratic" easing="out" condition="Window.Next(Home)">WindowClose</animation>
			<animation effect="slide" start="-270,0" time="400" tween="quadratic" easing="out" condition="Window.Previous(Home)">WindowOpen</animation>
			<control type="image">
				<posx>0</posx>
				<posy>0</posy>
				<width>80</width>
				<height>35</height>
				<texture border="0,0,32,0">toutv-header.png</texture>
			</control>
			<control type="button">
				<hitrect x="0" y="0" w="60" h="30" />
				<posx>20</posx>
				<posy>5</posy>
				<width>25</width>
				<height>20</height>
				<texturenofocus>toutv-HomeIcon.png</texturenofocus>
				<texturefocus>toutv-HomeIcon-Focus.png</texturefocus>
				<label>-</label>
				<onclick>ActivateWindow(Home)</onclick>
			</control>
		</control>
		<control type="group">
			<posx>140r</posx>
			<posy>0</posy>
			<animation effect="slide" start="0,0" end="-60,0" delay="0" time="300" condition="Window.IsVisible(MuteBug)">conditional</animation>
			<animation effect="slide" start="0,0" end="210,0" delay="0" time="300" condition="Window.Next(Home) + ![Window.IsVisible(MovieInformation) | Window.IsVisible(MusicInformation)]">WindowClose</animation>
			<animation effect="slide" start="210,0" end="0,0" delay="0" time="300" condition="Window.Previous(Home) + ![Window.IsVisible(MovieInformation) | Window.IsVisible(MusicInformation)]">WindowOpen</animation>
			<control type="image">
				<description>time background</description>
				<posx>0</posx>
				<posy>0</posy>
				<width>150</width>
				<height>35</height>
				<texture flipx="true" border="32,0,0,0">toutv-header.png</texture>
			</control>
			<control type="label">
				<description>time label</description>
				<posx>30</posx>
				<posy>0</posy>
				<width>400</width>
				<height>28</height>
				<align>left</align>
				<aligny>center</aligny>
				<font>font12</font>
				<textcolor>white</textcolor>
				<label>$INFO[System.Time]</label>
			</control>
		</control>
	</controls>
</window>
