<?xml version="1.0" encoding="UTF-8" standalone="yes"?>
<addon id="plugin.video.vtele" name="Vtele" version="0.0.2" provider-name="Infologique.net">
  <requires>
    <import addon="xbmc.python" version="2.0"/>
  </requires>
  <extension point="xbmc.python.pluginsource" library="default.py">
    <provides>video</provides>
  </extension>
  <extension point="xbmc.addon.metadata">
    <platform>all</platform>
    <summary>V est un réseau de télévision canadien privé en langue française.</summary>
    <description>Contenu de la plateforme de VTélé en ligne</description>
  </extension>
  <extension point="xbmc.addon.repository"
              name="Dépot Infologique.net">
    <info compressed="true">http://quebec-xbmc-plugin.googlecode.com/svn/trunk/addons.xml</info>
    <checksum>http://quebec-xbmc-plugin.googlecode.com/svn/trunk/addons.xml.md5</checksum>
    <datadir zip="true">http://quebec-xbmc-plugin.googlecode.com/svn/trunk/zip</datadir>
  </extension>
</addon>
