﻿<?xml version="1.0" encoding="UTF-8" standalone="yes"?>
<addon id="plugin.video.vtele" name="NOOVO" version="0.5.5" provider-name="Infologique.net">
  <requires>
    <import addon="xbmc.python" version="2.1.0"/>
    <import addon="script.module.simplejson" version="2.0.10"/>
    <import addon="script.module.beautifulsoup" version="3.2.1"/> 
  </requires>
  <extension point="xbmc.python.pluginsource" library="default.py">
    <provides>video</provides>
  </extension>
  <extension point="xbmc.addon.metadata">
    <platform>all</platform>
    <summary>NOOVO regroupe les réseaux de télévision canadien privé en langue française Vtélé, MusiquePlus et Max.</summary>
    <description>Contenu vidéo de la plateforme NOOVO</description>
  </extension>
</addon>
