<?xml version="1.0" encoding="UTF-8" standalone="yes"?>
<addon id="plugin.infologique.TVAgo" name="TVA" version="0.0.1" provider-name="Infologique.net">
  <requires>
    <import addon="xbmc.python" version="2.1.0"/>
    <import addon="script.module.simplejson" version="2.0.10"/>
    <import addon="script.module.beautifulsoup" version="3.2.1"/> 
    <import addon="script.module.elementtree" version="1.2.8"/> 
  </requires>
  <extension point="xbmc.python.pluginsource" library="default.py">
    <provides>video</provides>
  </extension>
  <extension point="xbmc.addon.metadata">
    <platform>all</platform>
    <summary>Contenu vidéo de TVA</summary>
    <description>-Regardez la télé en direct 
-Rattrapez les émissions des 15 derniers jours
-Découvrez certaines émissions des chaînes spécialisées du Groupe TVA : AddikTV, Casa, Moi&amp;cie, Prise 2 et Yoopa
-Explorez des primeurs, des exclusivités, des vidéos inédites et différentes thématiques</description>
  </extension>
</addon>
