﻿<?xml version="1.0" encoding="UTF-8" standalone="yes"?>
<addon id="plugin.video.fabriqueculturelle"
       name="La Fabrique Culturelle"
       version="1.0.1"
       provider-name="dualB"
>
    <requires>
        <import addon="xbmc.python" version="2.1.0"/>
        <import addon="xbmc.json" version="6.0.0"/>
        <import addon="xbmc.addon" version="12.0.0"/>
        <import addon="script.module.simplejson" version="2.0.10"/>
    </requires>
    <extension point="xbmc.python.pluginsource" library="default.py">
        <provides>video</provides>
    </extension>
    <extension point="xbmc.addon.metadata">
        <platform>all</platform>
	    <summary >Addiciel vidéo donnant accès à La Fabrique Culturelle (www.lafabriqueculturelle.tv)</summary>
	    <summary lang="en">Plugin for the La Fabrique Culturelle website (www.lafabriqueculturelle.tv)</summary>
        <description>Cet addiciel permet d'accéder à La Fabrique Culturelle. Le contenu est également disponible sur www.lafabriqueculturelle.tv</description>
		<description lang="en">Play all videos from La Fabrique Culturelle website (www.lafabriqueculturelle.tv)</description>
    </extension>
</addon>
