<?xml version="1.0" encoding="UTF-8" standalone="yes"?>
<!-- Addon basé sur le travail de FROST pour tou.tv -->
<addon id="plugin.video.vtele" name="V Télé" version="0.1.2" provider-name="Infologique.net">
  <requires>
    <import addon="xbmc.python" version="2.0"/>
  </requires>
  <extension point="xbmc.python.pluginsource" library="default.py">
    <provides>video</provides>
  </extension>
  <extension point="xbmc.addon.metadata">
    <platform>all</platform>
    <summary>V est un réseau de télévision canadien privé en langue française.</summary>
    <description>Contenu vidéo de la plateforme de V Télé</description>
  </extension>
  <extension point="xbmc.addon.repository" name="quebec-xbmc-plugin">
    <info compressed="true">http://quebec-xbmc-plugin.googlecode.com/svn/zip/addons.xml</info>
    <checksum>http://quebec-xbmc-plugin.googlecode.com/svn/zip/addons.xml.md5</checksum>
    <datadir zip="true">http://quebec-xbmc-plugin.googlecode.com/svn/zip</datadir>
  </extension>
</addon>
