<?xml version="1.0" encoding="UTF-8" standalone="yes"?>
<!-- Addon basé sur le travail de FROST pour tou.tv -->
<addon id="plugin.video.vtele" name="NOOVO" version="0.4.0" provider-name="Infologique.net">
  <requires>
    <import addon="xbmc.python" version="2.1.0"/>
  </requires>
  <extension point="xbmc.python.pluginsource" library="default.py">
    <provides>video</provides>
  </extension>
  <extension point="xbmc.addon.metadata">
    <platform>all</platform>
    <summary>NOOVO regroupe les réseaux de télévision canadien privé en langue française Vtélé, MusiquePlus et Max.</summary>
    <description>Contenu vidéo de la plateforme NOOVO</description>
  </extension>
</addon>
